-- phpMyAdmin SQL Dump
-- version 5.2.1
-- https://www.phpmyadmin.net/
--
-- Host: 127.0.0.1
-- Generation Time: Apr 02, 2024 at 01:31 PM
-- Server version: 10.4.32-MariaDB
-- PHP Version: 8.2.12

SET SQL_MODE = "NO_AUTO_VALUE_ON_ZERO";
START TRANSACTION;
SET time_zone = "+00:00";


/*!40101 SET @OLD_CHARACTER_SET_CLIENT=@@CHARACTER_SET_CLIENT */;
/*!40101 SET @OLD_CHARACTER_SET_RESULTS=@@CHARACTER_SET_RESULTS */;
/*!40101 SET @OLD_COLLATION_CONNECTION=@@COLLATION_CONNECTION */;
/*!40101 SET NAMES utf8mb4 */;

--
-- Database: `tffs`
--

-- --------------------------------------------------------

--
-- Table structure for table `t_mst_academic_years`
--

CREATE TABLE `t_mst_academic_years` (
  `t_mst_academic_year_id` int(20) UNSIGNED NOT NULL,
  `year` varchar(4) DEFAULT NULL,
  `code` varchar(16) DEFAULT NULL,
  `label` varchar(24) DEFAULT NULL,
  `from_date` date DEFAULT NULL,
  `end_date` date DEFAULT NULL,
  `is_active` enum('n','y') NOT NULL DEFAULT 'n',
  `created_at` timestamp NULL DEFAULT NULL,
  `updated_at` timestamp NULL DEFAULT NULL
) ENGINE=InnoDB DEFAULT CHARSET=utf8mb4 COLLATE=utf8mb4_unicode_ci;

--
-- Dumping data for table `t_mst_academic_years`
--

INSERT INTO `t_mst_academic_years` (`t_mst_academic_year_id`, `year`, `code`, `label`, `from_date`, `end_date`, `is_active`, `created_at`, `updated_at`) VALUES
(1, '2023', '2023-24', '2023-2024', '2023-03-01', '2024-03-31', 'y', '2023-03-08 18:30:00', NULL),
(2, '2024', '2024-25', '2024-2025', '2024-03-01', '2025-03-31', 'y', '2023-03-08 18:30:00', NULL),
(3, '2025', '2025-26', '2025-2026', '2025-04-01', '2026-03-31', 'y', '2024-03-27 15:15:22', NULL);

-- --------------------------------------------------------

--
-- Table structure for table `t_mst_house`
--

CREATE TABLE `t_mst_house` (
  `t_mst_house_id` int(11) NOT NULL,
  `t_mst_client_id` int(11) NOT NULL,
  `house_name` varchar(100) NOT NULL
) ENGINE=MyISAM DEFAULT CHARSET=utf8mb4 COLLATE=utf8mb4_general_ci;

--
-- Dumping data for table `t_mst_house`
--

INSERT INTO `t_mst_house` (`t_mst_house_id`, `t_mst_client_id`, `house_name`) VALUES
(1, 1, 'BLUE'),
(2, 1, 'GREEN'),
(3, 1, 'WHITE'),
(4, 1, 'YELLOW');

-- --------------------------------------------------------

--
-- Table structure for table `t_rel_academic_category_first`
--

CREATE TABLE `t_rel_academic_category_first` (
  `t_rel_academic_category_first_id` int(11) NOT NULL,
  `name` varchar(100) NOT NULL,
  `created_by` int(11) NOT NULL,
  `created_at` timestamp NOT NULL DEFAULT current_timestamp(),
  `updated_by` int(11) DEFAULT NULL,
  `updated_at` timestamp NULL DEFAULT NULL ON UPDATE current_timestamp()
) ENGINE=InnoDB DEFAULT CHARSET=utf8mb4 COLLATE=utf8mb4_general_ci;

--
-- Dumping data for table `t_rel_academic_category_first`
--

INSERT INTO `t_rel_academic_category_first` (`t_rel_academic_category_first_id`, `name`, `created_by`, `created_at`, `updated_by`, `updated_at`) VALUES
(1, 'Speaking Skills', 2, '2023-07-19 06:00:00', NULL, NULL),
(2, 'Reading Skills', 2, '2023-07-19 06:00:00', NULL, NULL),
(3, 'Writing Skills', 2, '2023-07-19 06:00:00', NULL, NULL),
(4, 'Listening Skills', 2, '2023-07-19 06:00:00', NULL, NULL),
(5, 'Spelling and Dictation', 2, '2023-07-19 06:00:00', NULL, NULL),
(6, 'Common Skills-Bengali', 2, '2023-07-19 06:00:00', NULL, NULL),
(7, 'Common Skills-Sanskrit', 2, '2023-07-19 06:00:00', NULL, NULL),
(8, 'Number Accuracy (Including Computation)', 2, '2023-07-19 06:00:00', NULL, NULL),
(9, 'Conceptual Understanding', 2, '2023-07-19 06:00:00', NULL, NULL),
(10, 'Data Handling', 2, '2023-07-19 06:00:00', NULL, NULL),
(11, 'Problem Identification & Expression', 2, '2023-07-19 06:00:00', NULL, NULL),
(12, 'Observation, Identification, Recording', 2, '2023-07-19 06:00:00', NULL, NULL),
(13, 'Presentation / Expression (Including Drawing)', 2, '2023-07-19 06:00:00', NULL, NULL),
(14, 'Experimentation / Finding Out More', 2, '2023-07-19 06:00:00', NULL, NULL),
(15, 'Analysing / Explanation', 2, '2023-07-19 06:00:00', NULL, NULL),
(16, 'Appreciation / Awareness', 2, '2023-07-19 06:00:00', NULL, NULL),
(18, 'Presentation / Expression (Including Drawing, Mapping, Labelling)', 2, '2023-07-19 06:00:00', NULL, NULL),
(21, 'Awareness / Appreciation/ Application', 2, '2023-07-19 06:00:00', NULL, NULL),
(23, 'Presentation / Expression (Including Time Line)', 2, '2023-07-19 06:00:00', NULL, NULL),
(24, 'Finding Out More', 2, '2023-07-19 06:00:00', NULL, NULL),
(38, 'Project', 2, '2023-08-23 05:00:00', NULL, NULL),
(39, 'Oral-Aural Skills', 2, '2023-08-23 05:00:00', NULL, NULL),
(40, 'Common Music', 2, '2023-09-09 13:16:02', NULL, NULL);

-- --------------------------------------------------------

--
-- Table structure for table `t_rel_academic_category_second`
--

CREATE TABLE `t_rel_academic_category_second` (
  `t_rel_academic_category_second_id` int(11) NOT NULL,
  `name` varchar(100) NOT NULL,
  `created_by` int(11) NOT NULL,
  `created_at` timestamp NOT NULL DEFAULT current_timestamp(),
  `updated_by` int(11) DEFAULT NULL,
  `updated_at` timestamp NULL DEFAULT NULL ON UPDATE current_timestamp()
) ENGINE=InnoDB DEFAULT CHARSET=utf8mb4 COLLATE=utf8mb4_general_ci;

--
-- Dumping data for table `t_rel_academic_category_second`
--

INSERT INTO `t_rel_academic_category_second` (`t_rel_academic_category_second_id`, `name`, `created_by`, `created_at`, `updated_by`, `updated_at`) VALUES
(1, 'Applies rules of grammar and spelling while taking dictation', 2, '2023-11-06 13:00:00', NULL, '2023-11-07 02:29:03'),
(2, 'Applies spellings learnt in daily work', 2, '2023-11-06 13:00:00', NULL, '2023-11-07 02:29:03'),
(3, 'Calisthenics Exercises', 2, '2023-11-06 13:00:00', NULL, '2023-11-07 02:29:03'),
(4, 'Can effectively use Internet for research and communication.', 2, '2023-11-06 13:00:00', NULL, '2023-11-07 02:29:03'),
(5, 'Can express ideas using technology.', 2, '2023-11-06 13:00:00', NULL, '2023-11-07 02:29:03'),
(6, 'Can link pieces of information to reveal the idea', 2, '2023-11-06 13:00:00', NULL, '2023-11-07 02:29:03'),
(7, 'Can manipulate, create and store information.', 2, '2023-11-06 13:00:00', NULL, '2023-11-07 02:29:03'),
(8, 'Can use Productivity Software', 2, '2023-11-06 13:00:00', NULL, '2023-11-07 02:29:03'),
(9, 'Can work collaboratively using online resources.', 2, '2023-11-06 13:00:00', NULL, '2023-11-07 02:29:03'),
(10, 'Can write at expected level about a given topic', 2, '2023-11-06 13:00:00', NULL, '2023-11-07 02:29:03'),
(11, 'Core Strength', 2, '2023-11-06 13:00:00', NULL, '2023-11-07 02:29:03'),
(12, 'Diction and speech are clear.', 2, '2023-11-06 13:00:00', NULL, '2023-11-07 02:29:03'),
(13, 'Enjoys supplementary reading', 2, '2023-11-06 13:00:00', NULL, '2023-11-07 02:29:03'),
(14, 'Exam Marks', 2, '2023-11-06 13:00:00', NULL, '2023-11-07 02:29:03'),
(15, 'Expresses herself / himself fluently and clearly', 2, '2023-11-06 13:00:00', NULL, '2023-11-07 02:29:03'),
(16, 'Expresses ideas clearly and correctly', 2, '2023-11-06 13:00:00', NULL, '2023-11-07 02:29:03'),
(17, 'Flexibility', 2, '2023-11-06 13:00:00', NULL, '2023-11-07 02:29:03'),
(18, 'Handwriting : Speed', 2, '2023-11-06 13:00:00', NULL, '2023-11-07 02:29:03'),
(19, 'Handwriting is well formed', 2, '2023-11-06 13:00:00', NULL, '2023-11-07 02:29:03'),
(20, 'Has Critical thinking and Logical Reasoning Skills', 2, '2023-11-06 13:00:00', NULL, '2023-11-07 02:29:03'),
(21, 'Internal Assessment', 2, '2023-11-06 13:00:00', NULL, '2023-11-07 02:29:03'),
(22, 'Is a confident and capable user of ICT.', 2, '2023-11-06 13:00:00', NULL, '2023-11-07 02:29:03'),
(23, 'Is able to apply skills learnt', 2, '2023-11-06 13:00:00', NULL, '2023-11-07 02:29:03'),
(24, 'Is able to complete activities on time', 2, '2023-11-06 13:00:00', NULL, '2023-11-07 02:29:03'),
(25, 'Is able to express different phonic sounds.', 2, '2023-11-06 13:00:00', NULL, '2023-11-07 02:29:03'),
(26, 'Is able to handle hardware components', 2, '2023-11-06 13:00:00', NULL, '2023-11-07 02:29:03'),
(27, 'Is able to perform well, lessons taught in class.', 2, '2023-11-06 13:00:00', NULL, '2023-11-07 02:29:03'),
(28, 'Is able to spell new words applying phonic rules', 2, '2023-11-06 13:00:00', NULL, '2023-11-07 02:29:03'),
(29, 'Is able to use tools & applications for digital creativity', 2, '2023-11-06 13:00:00', NULL, '2023-11-07 02:29:03'),
(30, 'Is Attentive', 2, '2023-11-06 13:00:00', NULL, '2023-11-07 02:29:03'),
(31, 'Is sensitive to tones and rhythms', 2, '2023-11-06 13:00:00', NULL, '2023-11-07 02:29:03'),
(32, 'Learns and retains assigned spellings', 2, '2023-11-06 13:00:00', NULL, '2023-11-07 02:29:03'),
(33, 'Listens to general and specific instructions.', 2, '2023-11-06 13:00:00', NULL, '2023-11-07 02:29:03'),
(34, 'Listens to general instructions', 2, '2023-11-06 13:00:00', NULL, '2023-11-07 02:29:03'),
(35, 'Listens to specific information', 2, '2023-11-06 13:00:00', NULL, '2023-11-07 02:29:03'),
(36, 'Major games', 2, '2023-11-06 13:00:00', NULL, '2023-11-07 02:29:03'),
(37, 'Masters new words with ease', 2, '2023-11-06 13:00:00', NULL, '2023-11-07 02:29:03'),
(38, 'Minor games', 2, '2023-11-06 13:00:00', NULL, '2023-11-07 02:29:03'),
(39, 'Muscular Endurance ', 2, '2023-11-06 13:00:00', NULL, '2023-11-07 02:29:03'),
(40, 'Needs constant motivation to work on the skills', 2, '2023-11-06 13:00:00', NULL, '2023-11-07 02:29:03'),
(41, 'Needs to apply IT skills learnt', 2, '2023-11-06 13:00:00', NULL, '2023-11-07 02:29:03'),
(42, 'Needs to apply the skills learnt in their daily activities.', 2, '2023-11-06 13:00:00', NULL, '2023-11-07 02:29:03'),
(43, 'Needs to attend classes regularly.', 2, '2023-11-06 13:00:00', NULL, '2023-11-07 02:29:03'),
(44, 'Needs to complete work on time', 2, '2023-11-06 13:00:00', NULL, '2023-11-07 02:29:03'),
(45, 'Needs to follow instructions to work effectively', 2, '2023-11-06 13:00:00', NULL, '2023-11-07 02:29:03'),
(46, 'Needs to pay attention', 2, '2023-11-06 13:00:00', NULL, '2023-11-07 02:29:03'),
(47, 'Needs to pay attention in class.', 2, '2023-11-06 13:00:00', NULL, '2023-11-07 02:29:03'),
(48, 'Needs to take interest in the work done.', 2, '2023-11-06 13:00:00', NULL, '2023-11-07 02:29:03'),
(49, 'Participates in class', 2, '2023-11-06 13:00:00', NULL, '2023-11-07 02:29:03'),
(50, 'Proj./Prac', 2, '2023-11-06 13:00:00', NULL, '2023-11-07 02:29:03'),
(51, 'Reads fluently', 2, '2023-11-06 13:00:00', NULL, '2023-11-07 02:29:03'),
(52, 'Reads with expression', 2, '2023-11-06 13:00:00', NULL, '2023-11-07 02:29:03'),
(53, 'Respects and practices concepts of ethical computing', 2, '2023-11-06 13:00:00', NULL, '2023-11-07 02:29:03'),
(54, 'Shows creative abilities', 2, '2023-11-06 13:00:00', NULL, '2023-11-07 02:29:03'),
(55, 'Shows interest and appreciates all activities.', 2, '2023-11-06 13:00:00', NULL, '2023-11-07 02:29:03'),
(56, 'Shows interest in the language.', 2, '2023-11-06 13:00:00', NULL, '2023-11-07 02:29:03'),
(57, 'Shows keen interest', 2, '2023-11-06 13:00:00', NULL, '2023-11-07 02:29:03'),
(58, 'Skill Grade', 2, '2023-11-06 13:00:00', NULL, '2023-11-07 02:29:03'),
(59, 'Stretching', 2, '2023-11-06 13:00:00', NULL, '2023-11-07 02:29:03'),
(60, 'Understands concepts and basic functions', 2, '2023-11-06 13:00:00', NULL, '2023-11-07 02:29:03'),
(61, 'Understands the text read and meaning through its context', 2, '2023-11-06 13:00:00', NULL, '2023-11-07 02:29:03'),
(62, 'Uses correct sentence structure', 2, '2023-11-06 13:00:00', NULL, '2023-11-07 02:29:03'),
(63, 'Uses expected vocabulary', 2, '2023-11-06 13:00:00', NULL, '2023-11-07 02:29:03'),
(64, 'Uses grammatical language', 2, '2023-11-06 13:00:00', NULL, '2023-11-07 02:29:03');

-- --------------------------------------------------------

--
-- Table structure for table `t_rel_academic_details`
--

CREATE TABLE `t_rel_academic_details` (
  `t_rel_academic_details_id` int(11) NOT NULL,
  `t_mst_client_id` int(11) NOT NULL,
  `t_mst_academic_year_id` int(11) NOT NULL,
  `t_rel_class_id` int(11) NOT NULL,
  `t_rel_subject_id` int(11) NOT NULL,
  `t_rel_academic_category_first_id` int(11) NOT NULL,
  `t_rel_academic_category_second_id` int(11) DEFAULT NULL,
  `full_marks` decimal(10,2) DEFAULT NULL,
  `display_status` enum('grade','marks','both') NOT NULL DEFAULT 'both',
  `created_by` int(11) NOT NULL,
  `created_at` timestamp NOT NULL DEFAULT current_timestamp(),
  `updated_by` int(11) DEFAULT NULL,
  `updated_at` timestamp NULL DEFAULT NULL ON UPDATE current_timestamp()
) ENGINE=InnoDB DEFAULT CHARSET=utf8mb4 COLLATE=utf8mb4_general_ci;

--
-- Dumping data for table `t_rel_academic_details`
--

INSERT INTO `t_rel_academic_details` (`t_rel_academic_details_id`, `t_mst_client_id`, `t_mst_academic_year_id`, `t_rel_class_id`, `t_rel_subject_id`, `t_rel_academic_category_first_id`, `t_rel_academic_category_second_id`, `full_marks`, `display_status`, `created_by`, `created_at`, `updated_by`, `updated_at`) VALUES
(1, 1, 1, 1, 2, 1, 1, NULL, 'grade', 105, '2024-01-09 23:24:06', NULL, NULL),
(2, 0, 0, 0, 0, 0, 0, NULL, '', 0, '0000-00-00 00:00:00', 0, '0000-00-00 00:00:00'),
(5, 1, 1, 9, 2, 12, 90, NULL, 'both', 0, '2023-04-23 18:52:34', NULL, '2023-11-06 20:21:57'),
(1881, 1, 1, 1, 2, 1, 1, 20.00, 'both', 2, '2023-07-19 00:47:52', 2, '2024-03-21 06:34:34'),
(1884, 1, 1, 1, 2, 4, 18, 30.00, 'both', 2, '2023-07-19 00:47:52', 2, '2024-03-21 06:34:37'),
(1885, 1, 1, 1, 5, 1, 1, NULL, 'both', 0, '2023-07-19 00:47:52', NULL, '2023-11-06 20:21:57'),
(1887, 1, 1, 1, 5, 3, 10, NULL, 'both', 0, '2023-07-19 00:47:52', NULL, '2023-11-06 20:21:57'),
(1888, 1, 1, 1, 5, 4, 18, NULL, 'both', 0, '2023-07-19 00:47:52', NULL, '2023-11-06 20:21:57'),
(1889, 1, 1, 1, 9, 1, 1, NULL, 'both', 0, '2023-07-19 00:47:52', NULL, '2023-11-06 20:21:57'),
(1891, 1, 1, 1, 9, 4, 18, NULL, 'both', 0, '2023-07-19 00:47:52', NULL, '2023-11-06 20:21:57'),
(1892, 1, 1, 1, 13, 1, 1, NULL, 'both', 0, '2023-07-19 00:47:52', NULL, '2023-11-06 20:21:57'),
(1895, 1, 1, 1, 13, 4, 18, NULL, 'both', 0, '2023-07-19 00:47:52', NULL, '2023-11-06 20:21:57'),
(1896, 1, 1, 1, 7, 1, 2, NULL, 'both', 0, '2023-07-19 00:47:52', NULL, '2023-11-06 20:21:57'),
(1899, 1, 1, 1, 7, 4, 19, NULL, 'both', 0, '2023-07-19 00:47:52', NULL, '2023-11-06 20:21:57'),
(1903, 1, 1, 1, 11, 4, 17, NULL, 'both', 0, '2023-07-19 00:47:52', NULL, '2023-11-06 20:21:57'),
(1906, 1, 1, 1, 15, 4, 17, NULL, 'both', 0, '2023-07-19 00:47:52', NULL, '2023-11-06 20:21:57'),
(1907, 1, 1, 1, 15, 1, 2, NULL, 'both', 0, '2023-07-19 00:47:52', NULL, '2023-11-06 20:21:57'),
(1908, 1, 1, 1, 4, 6, 24, NULL, 'both', 0, '2023-07-19 00:47:52', NULL, '2023-11-06 20:21:57'),
(1910, 1, 1, 1, 19, 8, 83, NULL, 'both', 0, '2023-07-19 00:47:52', NULL, '2023-11-06 20:21:57'),
(1911, 1, 1, 1, 19, 9, 84, NULL, 'both', 0, '2023-07-19 00:47:52', NULL, '2023-11-06 20:21:57'),
(1912, 1, 1, 1, 19, 10, 85, NULL, 'both', 0, '2023-07-19 00:47:52', NULL, '2023-11-06 20:21:57'),
(1913, 1, 1, 1, 19, 11, 86, NULL, 'both', 0, '2023-07-19 00:47:52', NULL, '2023-11-06 20:21:57'),
(1914, 1, 1, 1, 27, 12, 90, NULL, 'both', 0, '2023-07-19 00:47:52', NULL, '2023-11-06 20:21:57'),
(1915, 1, 1, 1, 27, 13, 91, NULL, 'both', 0, '2023-07-19 00:47:52', NULL, '2023-11-06 20:21:57'),
(1916, 1, 1, 1, 27, 14, 92, NULL, 'both', 0, '2023-07-19 00:47:52', NULL, '2023-11-06 20:21:57'),
(1917, 1, 1, 1, 27, 15, 93, NULL, 'both', 0, '2023-07-19 00:47:52', NULL, '2023-11-06 20:21:57'),
(1918, 1, 1, 1, 27, 16, 94, NULL, 'both', 0, '2023-07-19 00:47:52', NULL, '2023-11-06 20:21:57'),
(1919, 1, 1, 1, 48, 32, 40, NULL, 'both', 0, '2023-07-19 00:47:52', NULL, '2023-11-06 20:21:57'),
(1923, 1, 1, 1, 45, 34, 69, NULL, 'both', 0, '2023-07-19 00:47:52', NULL, '2023-11-06 20:21:57'),
(1926, 1, 1, 2, 2, 1, 2, NULL, 'both', 0, '2023-07-19 00:48:52', NULL, '2023-11-06 20:21:57'),
(1927, 1, 1, 2, 2, 2, 5, NULL, 'both', 0, '2023-07-19 00:48:52', NULL, '2023-11-06 20:21:57'),
(1928, 1, 1, 2, 2, 3, 11, NULL, 'both', 0, '2023-07-19 00:48:52', NULL, '2023-11-06 20:21:57'),
(1929, 1, 1, 2, 2, 4, 19, NULL, 'both', 0, '2023-07-19 00:48:52', NULL, '2023-11-06 20:21:57'),
(1930, 1, 1, 2, 5, 1, 2, NULL, 'both', 0, '2023-07-19 00:48:52', NULL, '2023-11-06 20:21:57'),
(1931, 1, 1, 2, 5, 2, 5, NULL, 'both', 0, '2023-07-19 00:48:52', NULL, '2023-11-06 20:21:57'),
(1932, 1, 1, 2, 5, 3, 10, NULL, 'both', 0, '2023-07-19 00:48:52', NULL, '2023-11-06 20:21:57'),
(1933, 1, 1, 2, 5, 4, 17, NULL, 'both', 0, '2023-07-19 00:48:52', NULL, '2023-11-06 20:21:57'),
(1934, 1, 1, 2, 9, 1, 2, NULL, 'both', 0, '2023-07-19 00:48:52', NULL, '2023-11-06 20:21:57'),
(1935, 1, 1, 2, 9, 2, 6, NULL, 'both', 0, '2023-07-19 00:48:52', NULL, '2023-11-06 20:21:57'),
(1936, 1, 1, 2, 9, 3, 11, NULL, 'both', 0, '2023-07-19 00:48:52', NULL, '2023-11-06 20:21:57'),
(1937, 1, 1, 2, 9, 4, 17, NULL, 'both', 0, '2023-07-19 00:48:52', NULL, '2023-11-06 20:21:57'),
(1938, 1, 1, 2, 13, 1, 2, NULL, 'both', 0, '2023-07-19 00:48:52', NULL, '2023-11-06 20:21:57'),
(1939, 1, 1, 2, 13, 2, 4, NULL, 'both', 0, '2023-07-19 00:48:52', NULL, '2023-11-06 20:21:57'),
(1940, 1, 1, 2, 13, 3, 9, NULL, 'both', 0, '2023-07-19 00:48:52', NULL, '2023-11-06 20:21:57'),
(1941, 1, 1, 2, 13, 4, 18, NULL, 'both', 0, '2023-07-19 00:48:52', NULL, '2023-11-06 20:21:57'),
(1943, 1, 1, 2, 7, 1, 2, NULL, 'both', 0, '2023-07-19 00:48:52', NULL, '2023-11-06 20:21:57'),
(1944, 1, 1, 2, 7, 2, 4, NULL, 'both', 0, '2023-07-19 00:48:52', NULL, '2023-11-06 20:21:57'),
(1946, 1, 1, 2, 7, 3, 9, NULL, 'both', 0, '2023-07-19 00:48:52', NULL, '2023-11-06 20:21:57'),
(1948, 1, 1, 2, 11, 2, 4, NULL, 'both', 0, '2023-07-19 00:48:52', NULL, '2023-11-06 20:21:57'),
(1949, 1, 1, 2, 11, 3, 9, NULL, 'both', 0, '2023-07-19 00:48:52', NULL, '2023-11-06 20:21:57'),
(1950, 1, 1, 2, 11, 4, 17, NULL, 'both', 0, '2023-07-19 00:48:52', NULL, '2023-11-06 20:21:57'),
(1952, 1, 1, 2, 15, 1, 2, NULL, 'both', 0, '2023-07-19 00:48:52', NULL, '2023-11-06 20:21:57'),
(1953, 1, 1, 2, 15, 2, 5, NULL, 'both', 0, '2023-07-19 00:48:52', NULL, '2023-11-06 20:21:57'),
(1954, 1, 1, 2, 15, 3, 10, NULL, 'both', 0, '2023-07-19 00:48:52', NULL, '2023-11-06 20:21:57'),
(1955, 1, 1, 2, 15, 4, 17, NULL, 'both', 0, '2023-07-19 00:48:52', NULL, '2023-11-06 20:21:57'),
(1956, 1, 1, 2, 4, 6, 24, NULL, 'both', 0, '2023-07-19 00:48:52', NULL, '2023-11-06 20:21:57'),
(1958, 1, 1, 2, 19, 8, 83, NULL, 'both', 0, '2023-07-19 00:48:52', NULL, '2023-11-06 20:21:57'),
(1959, 1, 1, 2, 19, 9, 84, NULL, 'both', 0, '2023-07-19 00:48:52', NULL, '2023-11-06 20:21:57'),
(1960, 1, 1, 2, 19, 10, 85, NULL, 'both', 0, '2023-07-19 00:48:52', NULL, '2023-11-06 20:21:57'),
(1961, 1, 1, 2, 19, 11, 86, NULL, 'both', 0, '2023-07-19 00:48:52', NULL, '2023-11-06 20:21:57'),
(1962, 1, 1, 2, 27, 12, 90, NULL, 'both', 0, '2023-07-19 00:48:52', NULL, '2023-11-06 20:21:57'),
(1963, 1, 1, 2, 27, 13, 91, NULL, 'both', 0, '2023-07-19 00:48:52', NULL, '2023-11-06 20:21:57'),
(1964, 1, 1, 2, 27, 14, 92, NULL, 'both', 0, '2023-07-19 00:48:52', NULL, '2023-11-06 20:21:57'),
(1965, 1, 1, 2, 27, 15, 93, NULL, 'both', 0, '2023-07-19 00:48:52', NULL, '2023-11-06 20:21:57'),
(1966, 1, 1, 2, 27, 16, 94, NULL, 'both', 0, '2023-07-19 00:48:52', NULL, '2023-11-06 20:21:57'),
(1967, 1, 1, 2, 48, 32, 40, NULL, 'both', 0, '2023-07-19 00:48:52', NULL, '2023-11-06 20:21:57'),
(1971, 1, 1, 2, 45, 34, 69, NULL, 'both', 0, '2023-07-19 00:48:52', NULL, '2023-11-06 20:21:57'),
(1974, 1, 1, 3, 2, 1, 2, NULL, 'both', 0, '2023-07-19 00:50:47', NULL, '2023-11-06 20:21:57'),
(1975, 1, 1, 3, 2, 2, 5, NULL, 'both', 0, '2023-07-19 00:50:47', NULL, '2023-11-06 20:21:57'),
(1976, 1, 1, 3, 2, 3, 10, NULL, 'both', 0, '2023-07-19 00:50:47', NULL, '2023-11-06 20:21:57'),
(1977, 1, 1, 3, 2, 4, 18, NULL, 'both', 0, '2023-07-19 00:50:47', NULL, '2023-11-06 20:21:57'),
(1980, 1, 1, 3, 3, 3, 0, NULL, 'both', 0, '2023-07-19 00:50:47', NULL, '2023-11-06 20:21:57'),
(1983, 1, 1, 3, 5, 2, 5, NULL, 'both', 0, '2023-07-19 00:50:47', NULL, '2023-11-06 20:21:57'),
(1984, 1, 1, 3, 5, 3, 11, NULL, 'both', 0, '2023-07-19 00:50:47', NULL, '2023-11-06 20:21:57'),
(1985, 1, 1, 3, 5, 4, 18, NULL, 'both', 0, '2023-07-19 00:50:47', NULL, '2023-11-06 20:21:57'),
(1988, 1, 1, 3, 6, 3, 0, NULL, 'both', 0, '2023-07-19 00:50:47', NULL, '2023-11-06 20:21:57'),
(1991, 1, 1, 3, 9, 1, 3, NULL, 'both', 0, '2023-07-19 00:50:47', NULL, '2023-11-06 20:21:57'),
(1992, 1, 1, 3, 9, 2, 5, NULL, 'both', 0, '2023-07-19 00:50:47', NULL, '2023-11-06 20:21:57'),
(1993, 1, 1, 3, 9, 3, 10, NULL, 'both', 0, '2023-07-19 00:50:47', NULL, '2023-11-06 20:21:57'),
(1994, 1, 1, 3, 9, 4, 18, NULL, 'both', 0, '2023-07-19 00:50:47', NULL, '2023-11-06 20:21:57'),
(1997, 1, 1, 3, 10, 3, 0, NULL, 'both', 0, '2023-07-19 00:50:47', NULL, '2023-11-06 20:21:57'),
(1999, 1, 1, 3, 13, 1, 2, NULL, 'both', 0, '2023-07-19 00:50:47', NULL, '2023-11-06 20:21:57'),
(2000, 1, 1, 3, 13, 2, 5, NULL, 'both', 0, '2023-07-19 00:50:47', NULL, '2023-11-06 20:21:57'),
(2001, 1, 1, 3, 13, 3, 11, NULL, 'both', 0, '2023-07-19 00:50:47', NULL, '2023-11-06 20:21:57'),
(2002, 1, 1, 3, 13, 4, 17, NULL, 'both', 0, '2023-07-19 00:50:47', NULL, '2023-11-06 20:21:57'),
(2005, 1, 1, 3, 14, 3, 0, NULL, 'both', 0, '2023-07-19 00:50:47', NULL, '2023-11-06 20:21:57'),
(2008, 1, 1, 3, 15, 1, 3, NULL, 'both', 0, '2023-07-19 00:50:47', NULL, '2023-11-06 20:21:57'),
(2009, 1, 1, 3, 15, 2, 6, NULL, 'both', 0, '2023-07-19 00:50:47', NULL, '2023-11-06 20:21:57'),
(2010, 1, 1, 3, 15, 3, 10, NULL, 'both', 0, '2023-07-19 00:50:47', NULL, '2023-11-06 20:21:57'),
(2011, 1, 1, 3, 15, 4, 19, NULL, 'both', 0, '2023-07-19 00:50:47', NULL, '2023-11-06 20:21:57'),
(2013, 1, 1, 3, 7, 1, 2, NULL, 'both', 0, '2023-07-19 00:50:47', NULL, '2023-11-06 20:21:57'),
(2014, 1, 1, 3, 7, 2, 5, NULL, 'both', 0, '2023-07-19 00:50:47', NULL, '2023-11-06 20:21:57'),
(2015, 1, 1, 3, 7, 3, 10, NULL, 'both', 0, '2023-07-19 00:50:47', NULL, '2023-11-06 20:21:57'),
(2016, 1, 1, 3, 7, 4, 17, NULL, 'both', 0, '2023-07-19 00:50:47', NULL, '2023-11-06 20:21:57'),
(2018, 1, 1, 3, 11, 1, 3, NULL, 'both', 0, '2023-07-19 00:50:47', NULL, '2023-11-06 20:21:57'),
(2019, 1, 1, 3, 11, 2, 5, NULL, 'both', 0, '2023-07-19 00:50:47', NULL, '2023-11-06 20:21:57'),
(2020, 1, 1, 3, 11, 3, 10, NULL, 'both', 0, '2023-07-19 00:50:47', NULL, '2023-11-06 20:21:57'),
(2021, 1, 1, 3, 11, 4, 19, NULL, 'both', 0, '2023-07-19 00:50:47', NULL, '2023-11-06 20:21:57'),
(2022, 1, 1, 3, 4, 6, 24, NULL, 'both', 0, '2023-07-19 00:50:47', NULL, '2023-11-06 20:21:57'),
(2024, 1, 1, 3, 19, 8, 83, NULL, 'both', 0, '2023-07-19 00:50:47', NULL, '2023-11-06 20:21:57'),
(2025, 1, 1, 3, 19, 9, 84, NULL, 'both', 0, '2023-07-19 00:50:47', NULL, '2023-11-06 20:21:57'),
(2026, 1, 1, 3, 19, 10, 85, NULL, 'both', 0, '2023-07-19 00:50:47', NULL, '2023-11-06 20:21:57'),
(2027, 1, 1, 3, 19, 11, 86, NULL, 'both', 0, '2023-07-19 00:50:47', NULL, '2023-11-06 20:21:57'),
(2028, 1, 1, 3, 27, 12, 90, NULL, 'both', 0, '2023-07-19 00:50:47', NULL, '2023-11-06 20:21:57'),
(2029, 1, 1, 3, 27, 13, 91, NULL, 'both', 0, '2023-07-19 00:50:47', NULL, '2023-11-06 20:21:57'),
(2030, 1, 1, 3, 27, 14, 92, NULL, 'both', 0, '2023-07-19 00:50:47', NULL, '2023-11-06 20:21:57'),
(2031, 1, 1, 3, 27, 15, 93, NULL, 'both', 0, '2023-07-19 00:50:47', NULL, '2023-11-06 20:21:57'),
(2032, 1, 1, 3, 27, 16, 94, NULL, 'both', 0, '2023-07-19 00:50:47', NULL, '2023-11-06 20:21:57'),
(2033, 1, 1, 3, 34, 12, 97, NULL, 'both', 0, '2023-07-19 00:50:47', NULL, '2023-11-06 20:21:57'),
(2034, 1, 1, 3, 34, 18, 98, NULL, 'both', 0, '2023-07-19 00:50:47', NULL, '2023-11-06 20:21:57'),
(2035, 1, 1, 3, 34, 14, 99, NULL, 'both', 0, '2023-07-19 00:50:47', NULL, '2023-11-06 20:21:57'),
(2036, 1, 1, 3, 34, 15, 100, NULL, 'both', 0, '2023-07-19 00:50:47', NULL, '2023-11-06 20:21:57'),
(2037, 1, 1, 3, 34, 21, 101, NULL, 'both', 0, '2023-07-19 00:50:47', NULL, '2023-11-06 20:21:57'),
(2038, 1, 1, 3, 48, 32, 40, NULL, 'both', 0, '2023-07-19 00:50:47', NULL, '2023-11-06 20:21:57'),
(2042, 1, 1, 3, 37, 33, 45, NULL, 'both', 0, '2023-07-19 00:50:47', NULL, '2023-11-06 20:21:57'),
(2045, 1, 1, 3, 45, 34, 69, NULL, 'both', 0, '2023-07-19 00:50:47', NULL, '2023-11-06 20:21:57'),
(2048, 1, 1, 4, 2, 1, 2, NULL, 'both', 0, '2023-07-19 00:52:21', NULL, '2023-11-06 20:21:57'),
(2049, 1, 1, 4, 2, 2, 6, NULL, 'both', 0, '2023-07-19 00:52:21', NULL, '2023-11-06 20:21:57'),
(2050, 1, 1, 4, 2, 3, 10, NULL, 'both', 0, '2023-07-19 00:52:21', NULL, '2023-11-06 20:21:57'),
(2051, 1, 1, 4, 2, 4, 18, NULL, 'both', 0, '2023-07-19 00:52:21', NULL, '2023-11-06 20:21:57'),
(2052, 1, 1, 4, 2, 5, 21, NULL, 'both', 0, '2023-07-19 00:52:21', NULL, '2023-11-06 20:21:57'),
(2055, 1, 1, 4, 3, 3, 0, NULL, 'both', 0, '2023-07-19 00:52:21', NULL, '2023-11-06 20:21:57'),
(2057, 1, 1, 4, 5, 1, 2, NULL, 'both', 0, '2023-07-19 00:52:21', NULL, '2023-11-06 20:21:57'),
(2058, 1, 1, 4, 5, 2, 6, NULL, 'both', 0, '2023-07-19 00:52:21', NULL, '2023-11-06 20:21:57'),
(2059, 1, 1, 4, 5, 4, 19, NULL, 'both', 0, '2023-07-19 00:52:21', NULL, '2023-11-06 20:21:57'),
(2060, 1, 1, 4, 5, 3, 10, NULL, 'both', 0, '2023-07-19 00:52:21', NULL, '2023-11-06 20:21:57'),
(2063, 1, 1, 4, 6, 3, 0, NULL, 'both', 0, '2023-07-19 00:52:21', NULL, '2023-11-06 20:21:57'),
(2065, 1, 1, 4, 9, 1, 2, NULL, 'both', 0, '2023-07-19 00:52:21', NULL, '2023-11-06 20:21:57'),
(2066, 1, 1, 4, 9, 2, 6, NULL, 'both', 0, '2023-07-19 00:52:21', NULL, '2023-11-06 20:21:57'),
(2067, 1, 1, 4, 9, 3, 11, NULL, 'both', 0, '2023-07-19 00:52:21', NULL, '2023-11-06 20:21:57'),
(2068, 1, 1, 4, 9, 4, 19, NULL, 'both', 0, '2023-07-19 00:52:21', NULL, '2023-11-06 20:21:57'),
(2071, 1, 1, 4, 10, 3, 0, NULL, 'both', 0, '2023-07-19 00:52:21', NULL, '2023-11-06 20:21:57'),
(2073, 1, 1, 4, 13, 1, 3, NULL, 'both', 0, '2023-07-19 00:52:21', NULL, '2023-11-06 20:21:57'),
(2074, 1, 1, 4, 13, 3, 11, NULL, 'both', 0, '2023-07-19 00:52:21', NULL, '2023-11-06 20:21:57'),
(2075, 1, 1, 4, 13, 2, 6, NULL, 'both', 0, '2023-07-19 00:52:21', NULL, '2023-11-06 20:21:57'),
(2076, 1, 1, 4, 13, 4, 18, NULL, 'both', 0, '2023-07-19 00:52:21', NULL, '2023-11-06 20:21:57'),
(2079, 1, 1, 4, 14, 3, 0, NULL, 'both', 0, '2023-07-19 00:52:21', NULL, '2023-11-06 20:21:57'),
(2081, 1, 1, 4, 7, 1, 3, NULL, 'both', 0, '2023-07-19 00:52:21', NULL, '2023-11-06 20:21:57'),
(2082, 1, 1, 4, 7, 2, 5, NULL, 'both', 0, '2023-07-19 00:52:21', NULL, '2023-11-06 20:21:57'),
(2083, 1, 1, 4, 7, 3, 10, NULL, 'both', 0, '2023-07-19 00:52:21', NULL, '2023-11-06 20:21:57'),
(2084, 1, 1, 4, 7, 4, 18, NULL, 'both', 0, '2023-07-19 00:52:21', NULL, '2023-11-06 20:21:57'),
(2085, 1, 1, 4, 11, 1, 2, NULL, 'both', 0, '2023-07-19 00:52:21', NULL, '2023-11-06 20:21:57'),
(2086, 1, 1, 4, 11, 2, 5, NULL, 'both', 0, '2023-07-19 00:52:21', NULL, '2023-11-06 20:21:57'),
(2087, 1, 1, 4, 11, 3, 11, NULL, 'both', 0, '2023-07-19 00:52:21', NULL, '2023-11-06 20:21:57'),
(2088, 1, 1, 4, 11, 4, 18, NULL, 'both', 0, '2023-07-19 00:52:21', NULL, '2023-11-06 20:21:57'),
(2089, 1, 1, 4, 15, 1, 2, NULL, 'both', 0, '2023-07-19 00:52:21', NULL, '2023-11-06 20:21:57'),
(2090, 1, 1, 4, 15, 2, 5, NULL, 'both', 0, '2023-07-19 00:52:21', NULL, '2023-11-06 20:21:57'),
(2091, 1, 1, 4, 15, 3, 10, NULL, 'both', 0, '2023-07-19 00:52:21', NULL, '2023-11-06 20:21:57'),
(2092, 1, 1, 4, 15, 4, 19, NULL, 'both', 0, '2023-07-19 00:52:21', NULL, '2023-11-06 20:21:57'),
(2093, 1, 1, 4, 4, 6, 24, NULL, 'both', 0, '2023-07-19 00:52:21', NULL, '2023-11-06 20:21:57'),
(2095, 1, 1, 4, 42, 7, 32, NULL, 'both', 0, '2023-07-19 00:52:21', NULL, '2023-11-06 20:21:57'),
(2097, 1, 1, 4, 19, 8, 83, NULL, 'both', 0, '2023-07-19 00:52:21', NULL, '2023-11-06 20:21:57'),
(2098, 1, 1, 4, 19, 9, 84, NULL, 'both', 0, '2023-07-19 00:52:21', NULL, '2023-11-06 20:21:57'),
(2099, 1, 1, 4, 19, 10, 85, NULL, 'both', 0, '2023-07-19 00:52:21', NULL, '2023-11-06 20:21:57'),
(2100, 1, 1, 4, 19, 11, 86, NULL, 'both', 0, '2023-07-19 00:52:21', NULL, '2023-11-06 20:21:57'),
(2101, 1, 1, 4, 27, 12, 90, NULL, 'both', 0, '2023-07-19 00:52:21', NULL, '2023-11-06 20:21:57'),
(2102, 1, 1, 4, 27, 13, 91, NULL, 'both', 0, '2023-07-19 00:52:21', NULL, '2023-11-06 20:21:57'),
(2103, 1, 1, 4, 27, 14, 92, NULL, 'both', 0, '2023-07-19 00:52:21', NULL, '2023-11-06 20:21:57'),
(2104, 1, 1, 4, 27, 15, 93, NULL, 'both', 0, '2023-07-19 00:52:21', NULL, '2023-11-06 20:21:57'),
(2105, 1, 1, 4, 27, 16, 94, NULL, 'both', 0, '2023-07-19 00:52:21', NULL, '2023-11-06 20:21:57'),
(2106, 1, 1, 4, 34, 12, 97, NULL, 'both', 0, '2023-07-19 00:52:21', NULL, '2023-11-06 20:21:57'),
(2107, 1, 1, 4, 34, 18, 98, NULL, 'both', 0, '2023-07-19 00:52:21', NULL, '2023-11-06 20:21:57'),
(2108, 1, 1, 4, 34, 14, 99, NULL, 'both', 0, '2023-07-19 00:52:21', NULL, '2023-11-06 20:21:57'),
(2109, 1, 1, 4, 34, 15, 100, NULL, 'both', 0, '2023-07-19 00:52:21', NULL, '2023-11-06 20:21:57'),
(2110, 1, 1, 4, 34, 21, 101, NULL, 'both', 0, '2023-07-19 00:52:21', NULL, '2023-11-06 20:21:57'),
(2111, 1, 1, 4, 48, 32, 40, NULL, 'both', 0, '2023-07-19 00:52:21', NULL, '2023-11-06 20:21:57'),
(2115, 1, 1, 4, 37, 33, 44, NULL, 'both', 0, '2023-07-19 00:52:21', NULL, '2023-11-06 20:21:57'),
(2118, 1, 1, 4, 45, 34, 69, NULL, 'both', 0, '2023-07-19 00:52:21', NULL, '2023-11-06 20:21:57'),
(2121, 1, 1, 5, 2, 1, 1, NULL, 'both', 0, '2023-07-19 00:53:43', NULL, '2023-11-06 20:21:57'),
(2123, 1, 1, 5, 2, 2, 4, NULL, 'both', 0, '2023-07-19 00:53:43', NULL, '2023-11-06 20:21:57'),
(2125, 1, 1, 5, 2, 3, 10, NULL, 'both', 0, '2023-07-19 00:53:43', NULL, '2023-11-06 20:21:57'),
(2126, 1, 1, 5, 2, 4, 17, NULL, 'both', 0, '2023-07-19 00:53:43', NULL, '2023-11-06 20:21:57'),
(2130, 1, 1, 5, 3, 3, 0, NULL, 'both', 0, '2023-07-19 00:53:43', NULL, '2023-11-06 20:21:57'),
(2133, 1, 1, 5, 5, 1, 1, NULL, 'both', 0, '2023-07-19 00:53:43', NULL, '2023-11-06 20:21:57'),
(2135, 1, 1, 5, 5, 2, 5, NULL, 'both', 0, '2023-07-19 00:53:43', NULL, '2023-11-06 20:21:57'),
(2136, 1, 1, 5, 5, 3, 10, NULL, 'both', 0, '2023-07-19 00:53:43', NULL, '2023-11-06 20:21:57'),
(2138, 1, 1, 5, 5, 4, 17, NULL, 'both', 0, '2023-07-19 00:53:43', NULL, '2023-11-06 20:21:57'),
(2143, 1, 1, 5, 6, 3, 0, NULL, 'both', 0, '2023-07-19 00:53:43', NULL, '2023-11-06 20:21:57'),
(2145, 1, 1, 5, 9, 1, 2, NULL, 'both', 0, '2023-07-19 00:53:43', NULL, '2023-11-06 20:21:57'),
(2147, 1, 1, 5, 9, 2, 4, NULL, 'both', 0, '2023-07-19 00:53:43', NULL, '2023-11-06 20:21:57'),
(2148, 1, 1, 5, 9, 3, 9, NULL, 'both', 0, '2023-07-19 00:53:43', NULL, '2023-11-06 20:21:57'),
(2150, 1, 1, 5, 9, 4, 18, NULL, 'both', 0, '2023-07-19 00:53:43', NULL, '2023-11-06 20:21:57'),
(2155, 1, 1, 5, 10, 3, 0, NULL, 'both', 0, '2023-07-19 00:53:43', NULL, '2023-11-06 20:21:57'),
(2157, 1, 1, 5, 13, 1, 1, NULL, 'both', 0, '2023-07-19 00:53:43', NULL, '2023-11-06 20:21:57'),
(2159, 1, 1, 5, 13, 2, 5, NULL, 'both', 0, '2023-07-19 00:53:43', NULL, '2023-11-06 20:21:57'),
(2161, 1, 1, 5, 13, 3, 12, NULL, 'both', 0, '2023-07-19 00:53:43', NULL, '2023-11-06 20:21:57'),
(2162, 1, 1, 5, 13, 4, 18, NULL, 'both', 0, '2023-07-19 00:53:43', NULL, '2023-11-06 20:21:57'),
(2167, 1, 1, 5, 14, 3, 0, NULL, 'both', 0, '2023-07-19 00:53:43', NULL, '2023-11-06 20:21:57'),
(2170, 1, 1, 5, 7, 1, 2, NULL, 'both', 0, '2023-07-19 00:53:43', NULL, '2023-11-06 20:21:57'),
(2171, 1, 1, 5, 7, 2, 6, NULL, 'both', 0, '2023-07-19 00:53:43', NULL, '2023-11-06 20:21:57'),
(2173, 1, 1, 5, 7, 3, 10, NULL, 'both', 0, '2023-07-19 00:53:43', NULL, '2023-11-06 20:21:57'),
(2174, 1, 1, 5, 7, 4, 19, NULL, 'both', 0, '2023-07-19 00:53:43', NULL, '2023-11-06 20:21:57'),
(2176, 1, 1, 5, 11, 1, 3, NULL, 'both', 0, '2023-07-19 00:53:43', NULL, '2023-11-06 20:21:57'),
(2177, 1, 1, 5, 11, 2, 6, NULL, 'both', 0, '2023-07-19 00:53:43', NULL, '2023-11-06 20:21:57'),
(2178, 1, 1, 5, 11, 3, 11, NULL, 'both', 0, '2023-07-19 00:53:43', NULL, '2023-11-06 20:21:57'),
(2180, 1, 1, 5, 11, 4, 18, NULL, 'both', 0, '2023-07-19 00:53:43', NULL, '2023-11-06 20:21:57'),
(2181, 1, 1, 5, 15, 1, 2, NULL, 'both', 0, '2023-07-19 00:53:43', NULL, '2023-11-06 20:21:57'),
(2183, 1, 1, 5, 15, 2, 5, NULL, 'both', 0, '2023-07-19 00:53:43', NULL, '2023-11-06 20:21:57'),
(2184, 1, 1, 5, 15, 3, 11, NULL, 'both', 0, '2023-07-19 00:53:43', NULL, '2023-11-06 20:21:57'),
(2186, 1, 1, 5, 15, 4, 18, NULL, 'both', 0, '2023-07-19 00:53:43', NULL, '2023-11-06 20:21:57'),
(2187, 1, 1, 5, 4, 6, 24, NULL, 'both', 0, '2023-07-19 00:53:43', NULL, '2023-11-06 20:21:57'),
(2189, 1, 1, 5, 42, 7, 32, NULL, 'both', 0, '2023-07-19 00:53:43', NULL, '2023-11-06 20:21:57'),
(2191, 1, 1, 5, 19, 8, 83, NULL, 'both', 0, '2023-07-19 00:53:43', NULL, '2023-11-06 20:21:57'),
(2192, 1, 1, 5, 19, 9, 84, NULL, 'both', 0, '2023-07-19 00:53:43', NULL, '2023-11-06 20:21:57'),
(2193, 1, 1, 5, 19, 10, 85, NULL, 'both', 0, '2023-07-19 00:53:43', NULL, '2023-11-06 20:21:57'),
(2194, 1, 1, 5, 19, 11, 86, NULL, 'both', 0, '2023-07-19 00:53:43', NULL, '2023-11-06 20:21:57'),
(2195, 1, 1, 5, 27, 12, 90, NULL, 'both', 0, '2023-07-19 00:53:43', NULL, '2023-11-06 20:21:57'),
(2196, 1, 1, 5, 27, 13, 91, NULL, 'both', 0, '2023-07-19 00:53:43', NULL, '2023-11-06 20:21:57'),
(2197, 1, 1, 5, 27, 14, 92, NULL, 'both', 0, '2023-07-19 00:53:43', NULL, '2023-11-06 20:21:57'),
(2198, 1, 1, 5, 27, 15, 93, NULL, 'both', 0, '2023-07-19 00:53:43', NULL, '2023-11-06 20:21:57'),
(2199, 1, 1, 5, 27, 16, 94, NULL, 'both', 0, '2023-07-19 00:53:43', NULL, '2023-11-06 20:21:57'),
(2200, 1, 1, 5, 34, 12, 97, NULL, 'both', 0, '2023-07-19 00:53:43', NULL, '2023-11-06 20:21:57'),
(2201, 1, 1, 5, 34, 18, 98, NULL, 'both', 0, '2023-07-19 00:53:43', NULL, '2023-11-06 20:21:57'),
(2202, 1, 1, 5, 34, 14, 99, NULL, 'both', 0, '2023-07-19 00:53:43', NULL, '2023-11-06 20:21:57'),
(2203, 1, 1, 5, 34, 15, 100, NULL, 'both', 0, '2023-07-19 00:53:43', NULL, '2023-11-06 20:21:57'),
(2204, 1, 1, 5, 34, 21, 101, NULL, 'both', 0, '2023-07-19 00:53:43', NULL, '2023-11-06 20:21:57'),
(2205, 1, 1, 5, 48, 32, 40, NULL, 'both', 0, '2023-07-19 00:53:43', NULL, '2023-11-06 20:21:57'),
(2209, 1, 1, 5, 37, 33, 44, NULL, 'both', 0, '2023-07-19 00:53:43', NULL, '2023-11-06 20:21:57'),
(2212, 1, 1, 5, 45, 34, 69, NULL, 'both', 0, '2023-07-19 00:53:43', NULL, '2023-11-06 20:21:57'),
(2313, 1, 1, 6, 2, 1, 3, NULL, 'both', 0, '2023-07-19 23:44:56', NULL, '2023-11-06 20:21:57'),
(2315, 1, 1, 6, 2, 2, 4, NULL, 'both', 0, '2023-07-19 23:44:56', NULL, '2023-11-06 20:21:57'),
(2317, 1, 1, 6, 2, 3, 9, NULL, 'both', 0, '2023-07-19 23:44:56', NULL, '2023-11-06 20:21:57'),
(2318, 1, 1, 6, 2, 4, 18, NULL, 'both', 0, '2023-07-19 23:44:56', NULL, '2023-11-06 20:21:57'),
(2323, 1, 1, 6, 3, 3, 0, NULL, 'both', 0, '2023-07-19 23:44:56', NULL, '2023-11-06 20:21:57'),
(2325, 1, 1, 6, 5, 1, 2, NULL, 'both', 0, '2023-07-19 23:44:56', NULL, '2023-11-06 20:21:57'),
(2327, 1, 1, 6, 5, 2, 5, NULL, 'both', 0, '2023-07-19 23:44:56', NULL, '2023-11-06 20:21:57'),
(2329, 1, 1, 6, 5, 3, 9, NULL, 'both', 0, '2023-07-19 23:44:56', NULL, '2023-11-06 20:21:57'),
(2330, 1, 1, 6, 5, 4, 17, NULL, 'both', 0, '2023-07-19 23:44:56', NULL, '2023-11-06 20:21:57'),
(2335, 1, 1, 6, 6, 3, 0, NULL, 'both', 0, '2023-07-19 23:44:56', NULL, '2023-11-06 20:21:57'),
(2337, 1, 1, 6, 9, 1, 2, NULL, 'both', 0, '2023-07-19 23:44:56', NULL, '2023-11-06 20:21:57'),
(2340, 1, 1, 6, 9, 2, 4, NULL, 'both', 0, '2023-07-19 23:44:56', NULL, '2023-11-06 20:21:57'),
(2341, 1, 1, 6, 9, 3, 11, NULL, 'both', 0, '2023-07-19 23:44:56', NULL, '2023-11-06 20:21:57'),
(2342, 1, 1, 6, 9, 4, 17, NULL, 'both', 0, '2023-07-19 23:44:56', NULL, '2023-11-06 20:21:57'),
(2346, 1, 1, 6, 10, 3, 0, NULL, 'both', 0, '2023-07-19 23:44:56', NULL, '2023-11-06 20:21:57'),
(2349, 1, 1, 6, 13, 1, 3, NULL, 'both', 0, '2023-07-19 23:44:56', NULL, '2023-11-06 20:21:57'),
(2351, 1, 1, 6, 13, 2, 5, NULL, 'both', 0, '2023-07-19 23:44:56', NULL, '2023-11-06 20:21:57'),
(2353, 1, 1, 6, 13, 3, 9, NULL, 'both', 0, '2023-07-19 23:44:56', NULL, '2023-11-06 20:21:57'),
(2354, 1, 1, 6, 13, 4, 17, NULL, 'both', 0, '2023-07-19 23:44:56', NULL, '2023-11-06 20:21:57'),
(2359, 1, 1, 6, 14, 3, 0, NULL, 'both', 0, '2023-07-19 23:44:56', NULL, '2023-11-06 20:21:57'),
(2362, 1, 1, 6, 11, 1, 2, NULL, 'both', 0, '2023-07-19 23:44:56', NULL, '2023-11-06 20:21:57'),
(2364, 1, 1, 6, 11, 2, 4, NULL, 'both', 0, '2023-07-19 23:44:56', NULL, '2023-11-06 20:21:57'),
(2365, 1, 1, 6, 11, 3, 9, NULL, 'both', 0, '2023-07-19 23:44:56', NULL, '2023-11-06 20:21:57'),
(2366, 1, 1, 6, 11, 4, 17, NULL, 'both', 0, '2023-07-19 23:44:56', NULL, '2023-11-06 20:21:57'),
(2368, 1, 1, 6, 7, 1, 2, NULL, 'both', 0, '2023-07-19 23:44:56', NULL, '2023-11-06 20:21:57'),
(2369, 1, 1, 6, 7, 2, 4, NULL, 'both', 0, '2023-07-19 23:44:56', NULL, '2023-11-06 20:21:57'),
(2370, 1, 1, 6, 7, 3, 9, NULL, 'both', 0, '2023-07-19 23:44:56', NULL, '2023-11-06 20:21:57'),
(2372, 1, 1, 6, 7, 4, 17, NULL, 'both', 0, '2023-07-19 23:44:56', NULL, '2023-11-06 20:21:57'),
(2374, 1, 1, 6, 15, 1, 3, NULL, 'both', 0, '2023-07-19 23:44:56', NULL, '2023-11-06 20:21:57'),
(2375, 1, 1, 6, 15, 2, 5, NULL, 'both', 0, '2023-07-19 23:44:56', NULL, '2023-11-06 20:21:57'),
(2377, 1, 1, 6, 15, 3, 10, NULL, 'both', 0, '2023-07-19 23:44:56', NULL, '2023-11-06 20:21:57'),
(2378, 1, 1, 6, 15, 4, 17, NULL, 'both', 0, '2023-07-19 23:44:56', NULL, '2023-11-06 20:21:57'),
(2379, 1, 1, 6, 4, 6, 24, NULL, 'both', 0, '2023-07-19 23:44:56', NULL, '2023-11-06 20:21:57'),
(2381, 1, 1, 6, 42, 7, 32, NULL, 'both', 0, '2023-07-19 23:44:56', NULL, '2023-11-06 20:21:57'),
(2383, 1, 1, 6, 19, 8, 83, NULL, 'both', 0, '2023-07-19 23:44:56', NULL, '2023-11-06 20:21:57'),
(2384, 1, 1, 6, 19, 9, 84, NULL, 'both', 0, '2023-07-19 23:44:56', NULL, '2023-11-06 20:21:57'),
(2385, 1, 1, 6, 19, 10, 85, NULL, 'both', 0, '2023-07-19 23:44:56', NULL, '2023-11-06 20:21:57'),
(2386, 1, 1, 6, 19, 11, 86, NULL, 'both', 0, '2023-07-19 23:44:56', NULL, '2023-11-06 20:21:57'),
(2387, 1, 1, 6, 24, 9, 104, NULL, 'both', 0, '2023-07-19 23:44:56', NULL, '2023-11-06 20:21:57'),
(2388, 1, 1, 6, 24, 23, 105, NULL, 'both', 0, '2023-07-19 23:44:56', NULL, '2023-11-06 20:21:57'),
(2389, 1, 1, 6, 24, 24, 106, NULL, 'both', 0, '2023-07-19 23:44:56', NULL, '2023-11-06 20:21:57'),
(2390, 1, 1, 6, 24, 15, 107, NULL, 'both', 0, '2023-07-19 23:44:56', NULL, '2023-11-06 20:21:57'),
(2391, 1, 1, 6, 24, 21, 108, NULL, 'both', 0, '2023-07-19 23:44:56', NULL, '2023-11-06 20:21:57'),
(2392, 1, 1, 6, 25, 12, 0, NULL, 'both', 0, '2023-07-19 23:44:56', NULL, '2023-11-06 20:21:57'),
(2393, 1, 1, 6, 25, 18, 98, NULL, 'both', 0, '2023-07-19 23:44:56', NULL, '2023-11-06 20:21:57'),
(2394, 1, 1, 6, 25, 14, 0, NULL, 'both', 0, '2023-07-19 23:44:56', NULL, '2023-11-06 20:21:57'),
(2395, 1, 1, 6, 25, 15, 0, NULL, 'both', 0, '2023-07-19 23:44:56', NULL, '2023-11-06 20:21:57'),
(2396, 1, 1, 6, 25, 21, 108, NULL, 'both', 0, '2023-07-19 23:44:56', NULL, '2023-11-06 20:21:57'),
(2397, 1, 1, 6, 27, 12, 90, NULL, 'both', 0, '2023-07-19 23:44:56', NULL, '2023-11-06 20:21:57'),
(2398, 1, 1, 6, 27, 13, 91, NULL, 'both', 0, '2023-07-19 23:44:56', NULL, '2023-11-06 20:21:57'),
(2399, 1, 1, 6, 27, 14, 92, NULL, 'both', 0, '2023-07-19 23:44:56', NULL, '2023-11-06 20:21:57'),
(2400, 1, 1, 6, 27, 15, 93, NULL, 'both', 0, '2023-07-19 23:44:56', NULL, '2023-11-06 20:21:57'),
(2401, 1, 1, 6, 27, 16, 94, NULL, 'both', 0, '2023-07-19 23:44:56', NULL, '2023-11-06 20:21:57'),
(2402, 1, 1, 6, 48, 32, 40, NULL, 'both', 0, '2023-07-19 23:44:56', NULL, '2023-11-06 20:21:57'),
(2406, 1, 1, 6, 37, 33, 44, NULL, 'both', 0, '2023-07-19 23:44:56', NULL, '2023-11-06 20:21:57'),
(2409, 1, 1, 6, 45, 34, 72, NULL, 'both', 0, '2023-07-19 23:44:56', NULL, '2023-11-06 20:21:57'),
(2412, 1, 1, 4, 2, 38, 0, NULL, 'both', 2, '2023-08-23 03:01:03', NULL, '2023-11-06 20:21:57'),
(2413, 1, 1, 5, 2, 38, 0, NULL, 'both', 2, '2023-08-23 03:01:54', NULL, '2023-11-06 20:21:57'),
(2414, 1, 1, 6, 2, 38, 0, NULL, 'both', 2, '2023-08-23 03:02:04', NULL, '2023-11-06 20:21:57'),
(2415, 1, 1, 4, 5, 38, 0, NULL, 'both', 2, '2023-08-23 03:05:01', NULL, '2023-11-06 20:21:57');

-- --------------------------------------------------------

--
-- Table structure for table `t_rel_cca_class_tagging`
--

CREATE TABLE `t_rel_cca_class_tagging` (
  `t_rel_cca_class_tagging_id` int(11) NOT NULL,
  `t_rel_cca_master_id` int(11) NOT NULL,
  `t_rel_class_id` int(11) NOT NULL,
  `max_indicator` int(11) DEFAULT NULL,
  `created_by` int(11) NOT NULL,
  `created_at` timestamp NOT NULL DEFAULT current_timestamp(),
  `updated_by` int(11) DEFAULT NULL,
  `updated_at` timestamp NULL DEFAULT NULL ON UPDATE current_timestamp()
) ENGINE=InnoDB DEFAULT CHARSET=utf8mb4 COLLATE=utf8mb4_general_ci;

--
-- Dumping data for table `t_rel_cca_class_tagging`
--

INSERT INTO `t_rel_cca_class_tagging` (`t_rel_cca_class_tagging_id`, `t_rel_cca_master_id`, `t_rel_class_id`, `max_indicator`, `created_by`, `created_at`, `updated_by`, `updated_at`) VALUES
(29, 1, 4, 2, 105, '2023-12-05 01:14:51', NULL, NULL),
(30, 2, 4, 2, 105, '2023-12-05 01:14:51', NULL, NULL),
(34, 1, 2, 4, 105, '2023-12-05 22:37:34', NULL, NULL),
(35, 2, 2, 2, 105, '2023-12-05 22:37:34', NULL, NULL),
(36, 4, 2, NULL, 105, '2023-12-05 22:37:34', NULL, NULL),
(37, 6, 2, 2, 105, '2023-12-05 22:37:34', NULL, NULL),
(38, 3, 2, 2, 105, '2023-12-05 22:37:34', NULL, NULL),
(39, 1, 1, 2, 105, '2023-12-07 23:39:26', NULL, NULL),
(40, 6, 1, 2, 105, '2023-12-07 23:39:26', NULL, NULL),
(41, 2, 1, 2, 105, '2023-12-07 23:39:26', NULL, NULL),
(42, 1, 7, 2, 105, '2023-12-21 22:49:19', NULL, NULL),
(43, 4, 7, 2, 105, '2023-12-21 22:49:19', NULL, NULL),
(44, 3, 7, 2, 105, '2023-12-21 22:49:19', NULL, NULL),
(45, 5, 11, NULL, 105, '2023-12-21 22:52:31', NULL, NULL);

-- --------------------------------------------------------

--
-- Table structure for table `t_rel_cca_indicator`
--

CREATE TABLE `t_rel_cca_indicator` (
  `t_rel_cca_indicator_id` int(11) NOT NULL,
  `t_rel_cca_master_id` int(11) NOT NULL,
  `name` varchar(100) NOT NULL,
  `created_by` int(11) NOT NULL,
  `created_at` timestamp NOT NULL DEFAULT current_timestamp(),
  `updated_by` int(11) DEFAULT NULL,
  `updated_at` timestamp NULL DEFAULT NULL ON UPDATE current_timestamp()
) ENGINE=InnoDB DEFAULT CHARSET=utf8mb4 COLLATE=utf8mb4_general_ci;

--
-- Dumping data for table `t_rel_cca_indicator`
--

INSERT INTO `t_rel_cca_indicator` (`t_rel_cca_indicator_id`, `t_rel_cca_master_id`, `name`, `created_by`, `created_at`, `updated_by`, `updated_at`) VALUES
(1, 1, 'Shows keen interest', 2, '0000-00-00 00:00:00', NULL, NULL),
(2, 1, 'Is able to apply skills learnt', 2, '0000-00-00 00:00:00', NULL, NULL),
(3, 1, 'Needs to take interest in the work done.', 2, '0000-00-00 00:00:00', NULL, NULL),
(4, 1, 'Needs to apply the skills learnt in their daily activities.', 2, '0000-00-00 00:00:00', NULL, NULL),
(5, 2, 'Is able to handle hardware components', 2, '0000-00-00 00:00:00', NULL, NULL),
(6, 2, 'Understands concepts and basic functions', 2, '0000-00-00 00:00:00', NULL, NULL),
(7, 2, 'Is able to use tools & applications for digital creativity', 2, '0000-00-00 00:00:00', NULL, NULL),
(8, 2, 'Participates in class', 2, '0000-00-00 00:00:00', NULL, NULL),
(9, 2, 'Can manipulate, create and store information.', 2, '0000-00-00 00:00:00', NULL, NULL),
(10, 2, 'Is able to complete activities on time', 2, '0000-00-00 00:00:00', NULL, NULL),
(11, 2, 'Can effectively use Internet for research and communication.', 2, '0000-00-00 00:00:00', NULL, NULL),
(12, 2, 'Needs to complete work on time', 2, '0000-00-00 00:00:00', NULL, NULL),
(13, 2, 'Is a confident and capable user of ICT.', 2, '0000-00-00 00:00:00', NULL, NULL),
(14, 2, 'Needs to follow instructions to work effectively', 2, '0000-00-00 00:00:00', NULL, NULL),
(15, 2, 'Can use Productivity Software', 2, '0000-00-00 00:00:00', NULL, NULL),
(16, 2, 'Needs to apply IT skills learnt', 2, '0000-00-00 00:00:00', NULL, NULL),
(17, 2, 'Can work collaboratively using online resources.', 2, '0000-00-00 00:00:00', NULL, NULL),
(18, 2, 'Respects and practices concepts of ethical computing', 2, '0000-00-00 00:00:00', NULL, NULL),
(19, 2, 'Can express ideas using technology.', 2, '0000-00-00 00:00:00', NULL, NULL),
(20, 2, 'Has Critical thinking and Logical Reasoning Skills', 2, '0000-00-00 00:00:00', NULL, NULL),
(21, 4, 'Stretching', 2, '0000-00-00 00:00:00', NULL, NULL),
(22, 4, 'Calisthenics Exercises', 2, '0000-00-00 00:00:00', NULL, NULL),
(23, 4, 'Minor games', 2, '0000-00-00 00:00:00', NULL, NULL),
(24, 4, 'Flexibility', 2, '0000-00-00 00:00:00', NULL, NULL),
(25, 4, 'Core Strength', 2, '0000-00-00 00:00:00', NULL, NULL),
(26, 4, 'Muscular Endurance ', 2, '0000-00-00 00:00:00', NULL, NULL),
(27, 4, 'Major games', 2, '0000-00-00 00:00:00', NULL, NULL),
(28, 6, 'Is sensitive to tones and rhythms', 2, '0000-00-00 00:00:00', NULL, NULL),
(29, 6, 'Shows creative abilities', 2, '0000-00-00 00:00:00', NULL, NULL),
(30, 6, 'Is Attentive', 2, '0000-00-00 00:00:00', NULL, NULL),
(31, 6, 'Needs to pay attention', 2, '0000-00-00 00:00:00', NULL, NULL),
(32, 6, 'Needs constant motivation to work on the skills', 2, '0000-00-00 00:00:00', NULL, NULL);

-- --------------------------------------------------------

--
-- Table structure for table `t_rel_cca_master`
--

CREATE TABLE `t_rel_cca_master` (
  `t_rel_cca_master_id` int(11) NOT NULL,
  `t_mst_client_id` int(11) NOT NULL,
  `name` varchar(100) NOT NULL,
  `grade_on_master_indicator` enum('master','indicator') NOT NULL DEFAULT 'master',
  `created_by` int(11) NOT NULL,
  `created_at` timestamp NOT NULL DEFAULT current_timestamp(),
  `updated_by` int(11) DEFAULT NULL,
  `updated_at` timestamp NULL DEFAULT NULL ON UPDATE current_timestamp()
) ENGINE=InnoDB DEFAULT CHARSET=utf8mb4 COLLATE=utf8mb4_general_ci;

--
-- Dumping data for table `t_rel_cca_master`
--

INSERT INTO `t_rel_cca_master` (`t_rel_cca_master_id`, `t_mst_client_id`, `name`, `grade_on_master_indicator`, `created_by`, `created_at`, `updated_by`, `updated_at`) VALUES
(1, 1, 'Life Skills', 'master', 1, '2023-06-21 13:00:00', NULL, NULL),
(2, 1, 'ICT', 'master', 1, '2023-06-21 13:00:00', NULL, '2023-11-06 06:32:52'),
(3, 1, 'ART & CRAFT', 'master', 1, '2023-06-21 13:00:00', NULL, '2023-11-06 06:32:55'),
(4, 1, 'Physical Fitness', 'indicator', 1, '2023-06-21 13:00:00', NULL, '2023-11-06 06:32:57'),
(5, 1, 'SUPW', 'master', 1, '2023-06-21 13:00:00', NULL, '2023-11-06 06:33:00'),
(6, 1, 'Music', 'master', 1, '2023-11-07 13:00:00', NULL, '2023-11-08 00:28:40');

-- --------------------------------------------------------

--
-- Table structure for table `t_rel_class`
--

CREATE TABLE `t_rel_class` (
  `t_rel_class_id` int(11) NOT NULL,
  `t_mst_client_id` int(11) NOT NULL,
  `code` varchar(10) NOT NULL,
  `name` varchar(100) NOT NULL,
  `sequence` int(11) NOT NULL,
  `is_x_xii` enum('y','n') NOT NULL DEFAULT 'n',
  `is_active` enum('y','n') NOT NULL DEFAULT 'y'
) ENGINE=InnoDB DEFAULT CHARSET=utf8mb4 COLLATE=utf8mb4_general_ci;

--
-- Dumping data for table `t_rel_class`
--

INSERT INTO `t_rel_class` (`t_rel_class_id`, `t_mst_client_id`, `code`, `name`, `sequence`, `is_x_xii`, `is_active`) VALUES
(1, 1, 'I', 'Class-I', 1, 'n', 'y'),
(2, 1, 'II', 'Class-II', 2, 'n', 'y'),
(3, 1, 'III', 'Class-III', 3, 'n', 'y'),
(4, 1, 'IV', 'Class-IV', 4, 'n', 'y'),
(5, 1, 'V', 'Class-V', 5, 'n', 'y'),
(6, 1, 'VI', 'Class-VI', 6, 'n', 'y'),
(7, 1, 'VII', 'Class-VII', 7, 'n', 'y'),
(8, 1, 'VIII', 'Class-VIII', 8, 'n', 'y'),
(9, 1, 'IX', 'Class-IX', 9, 'n', 'y'),
(10, 1, 'X', 'Class-X', 10, 'y', 'y'),
(11, 1, 'XI', 'Class-XI', 11, 'y', 'y'),
(12, 1, 'XII', 'Class-XII', 12, 'y', 'y');

-- --------------------------------------------------------

--
-- Table structure for table `t_rel_class_section`
--

CREATE TABLE `t_rel_class_section` (
  `t_rel_class_section_id` int(11) NOT NULL,
  `t_mst_client_id` int(11) NOT NULL,
  `t_rel_class_id` int(11) NOT NULL,
  `t_rel_section_id` int(11) NOT NULL,
  `t_rel_stream_id` int(11) DEFAULT NULL,
  `t_rel_teacher_id` int(11) NOT NULL,
  `no_of_seat` int(11) DEFAULT NULL,
  `created_at` timestamp NOT NULL DEFAULT current_timestamp(),
  `created_by` int(11) NOT NULL,
  `updated_at` timestamp NULL DEFAULT NULL ON UPDATE current_timestamp(),
  `updated_by` int(11) DEFAULT NULL,
  `is_active` enum('y','n') NOT NULL DEFAULT 'y'
) ENGINE=InnoDB DEFAULT CHARSET=utf8mb4 COLLATE=utf8mb4_general_ci;

--
-- Dumping data for table `t_rel_class_section`
--

INSERT INTO `t_rel_class_section` (`t_rel_class_section_id`, `t_mst_client_id`, `t_rel_class_id`, `t_rel_section_id`, `t_rel_stream_id`, `t_rel_teacher_id`, `no_of_seat`, `created_at`, `created_by`, `updated_at`, `updated_by`, `is_active`) VALUES
(120, 1, 12, 1, 2, 25, 100, '2023-07-21 06:41:22', 2, NULL, NULL, 'y'),
(121, 1, 12, 2, 3, 71, 100, '2023-07-21 06:41:22', 2, NULL, NULL, 'y'),
(122, 1, 12, 2, 4, 71, 100, '2023-07-21 06:41:22', 2, NULL, NULL, 'y'),
(123, 1, 1, 1, NULL, 85, 100, '2023-07-21 06:42:25', 2, NULL, NULL, 'y'),
(124, 1, 1, 2, NULL, 33, 100, '2023-07-21 06:42:25', 2, NULL, NULL, 'y'),
(125, 1, 1, 3, NULL, 27, 100, '2023-07-21 06:42:25', 2, NULL, NULL, 'y'),
(126, 1, 1, 4, NULL, 14, 100, '2023-07-21 06:42:25', 2, NULL, NULL, 'y'),
(127, 1, 2, 1, NULL, 26, 100, '2023-07-24 23:39:40', 2, NULL, NULL, 'y'),
(128, 1, 2, 2, NULL, 50, 100, '2023-07-24 23:39:40', 2, NULL, NULL, 'y'),
(129, 1, 2, 3, NULL, 44, 100, '2023-07-24 23:39:40', 2, NULL, NULL, 'y'),
(130, 1, 2, 4, NULL, 93, 100, '2023-07-24 23:39:40', 2, NULL, NULL, 'y'),
(131, 1, 3, 1, NULL, 1, 100, '2023-07-24 23:41:13', 2, NULL, NULL, 'y'),
(132, 1, 3, 2, NULL, 91, 100, '2023-07-24 23:41:13', 2, NULL, NULL, 'y'),
(133, 1, 3, 3, NULL, 9, 100, '2023-07-24 23:41:13', 2, NULL, NULL, 'y'),
(134, 1, 3, 4, NULL, 31, 100, '2023-07-24 23:41:13', 2, NULL, NULL, 'y'),
(135, 1, 4, 1, NULL, 75, 100, '2023-07-24 23:42:53', 2, NULL, NULL, 'y'),
(136, 1, 4, 2, NULL, 12, 100, '2023-07-24 23:42:53', 2, NULL, NULL, 'y'),
(137, 1, 4, 3, NULL, 62, 100, '2023-07-24 23:42:53', 2, NULL, NULL, 'y'),
(138, 1, 4, 4, NULL, 72, 100, '2023-07-24 23:42:53', 2, NULL, NULL, 'y'),
(143, 1, 6, 1, NULL, 38, 100, '2023-07-24 23:45:54', 2, NULL, NULL, 'y'),
(144, 1, 6, 2, NULL, 20, 100, '2023-07-24 23:45:54', 2, NULL, NULL, 'y'),
(145, 1, 6, 3, NULL, 43, 100, '2023-07-24 23:45:54', 2, NULL, NULL, 'y'),
(146, 1, 6, 4, NULL, 68, 100, '2023-07-24 23:45:54', 2, NULL, NULL, 'y'),
(147, 1, 8, 1, NULL, 84, 100, '2023-07-24 23:49:50', 2, NULL, NULL, 'y'),
(148, 1, 8, 2, NULL, 49, 100, '2023-07-24 23:49:50', 2, NULL, NULL, 'y'),
(149, 1, 9, 1, 1, 36, 100, '2023-07-24 23:50:56', 2, NULL, NULL, 'y'),
(150, 1, 9, 2, 1, 41, 100, '2023-07-24 23:50:56', 2, NULL, NULL, 'y'),
(151, 1, 9, 3, 1, 67, 100, '2023-07-24 23:50:56', 2, NULL, NULL, 'y'),
(152, 1, 10, 1, 1, 80, 100, '2023-07-24 23:51:40', 2, NULL, NULL, 'y'),
(153, 1, 10, 2, 1, 11, 100, '2023-07-24 23:51:40', 2, NULL, NULL, 'y'),
(154, 1, 10, 3, 1, 34, 100, '2023-07-24 23:51:40', 2, NULL, NULL, 'y'),
(157, 1, 11, 1, 2, 70, 100, '2023-07-24 23:54:18', 2, NULL, NULL, 'y'),
(158, 1, 11, 2, 5, 65, 100, '2023-07-24 23:54:18', 2, NULL, NULL, 'y'),
(159, 1, 7, 1, NULL, 101, 100, '2023-07-26 02:53:13', 2, NULL, NULL, 'y'),
(160, 1, 7, 2, NULL, 73, 100, '2023-07-26 02:53:13', 2, NULL, NULL, 'y'),
(161, 1, 7, 3, NULL, 56, 100, '2023-07-26 02:53:13', 2, NULL, NULL, 'y'),
(162, 1, 5, 1, NULL, 16, 100, '2023-09-21 02:30:02', 2, NULL, NULL, 'y'),
(163, 1, 5, 2, NULL, 29, NULL, '2023-09-21 02:30:02', 2, NULL, NULL, 'y'),
(164, 1, 5, 3, NULL, 57, NULL, '2023-09-21 02:30:02', 2, NULL, NULL, 'y'),
(165, 1, 5, 4, NULL, 24, NULL, '2023-09-21 02:30:02', 2, NULL, NULL, 'y');

-- --------------------------------------------------------

--
-- Table structure for table `t_rel_class_section_subject_teacher_tagging`
--

CREATE TABLE `t_rel_class_section_subject_teacher_tagging` (
  `t_rel_class_section_subject_teacher_tagging_id` bigint(20) NOT NULL,
  `t_mst_client_id` int(11) NOT NULL,
  `t_rel_class_id` int(11) NOT NULL,
  `t_rel_section_id` int(11) NOT NULL,
  `t_rel_subject_id` int(11) NOT NULL,
  `t_rel_teacher_id` int(11) NOT NULL,
  `status` enum('y','n') NOT NULL DEFAULT 'y',
  `created_at` timestamp NOT NULL DEFAULT current_timestamp(),
  `created_by` int(11) NOT NULL,
  `updated_at` timestamp NULL DEFAULT NULL ON UPDATE current_timestamp(),
  `updated_by` int(11) DEFAULT NULL
) ENGINE=InnoDB DEFAULT CHARSET=utf8mb4 COLLATE=utf8mb4_general_ci;

--
-- Dumping data for table `t_rel_class_section_subject_teacher_tagging`
--

INSERT INTO `t_rel_class_section_subject_teacher_tagging` (`t_rel_class_section_subject_teacher_tagging_id`, `t_mst_client_id`, `t_rel_class_id`, `t_rel_section_id`, `t_rel_subject_id`, `t_rel_teacher_id`, `status`, `created_at`, `created_by`, `updated_at`, `updated_by`) VALUES
(12, 1, 1, 1, 19, 1, 'y', '2023-11-30 02:11:44', 105, NULL, NULL),
(13, 1, 10, 1, 64, 1, 'y', '2023-11-30 02:11:44', 105, NULL, NULL),
(40, 1, 2, 1, 2, 102, 'y', '2023-12-04 03:27:13', 105, NULL, NULL),
(41, 1, 12, 1, 14, 102, 'y', '2023-12-04 03:27:13', 105, NULL, NULL);

-- --------------------------------------------------------

--
-- Table structure for table `t_rel_class_subject`
--

CREATE TABLE `t_rel_class_subject` (
  `t_rel_class_subject_id` int(11) NOT NULL,
  `t_mst_client_id` int(11) NOT NULL,
  `t_mst_academic_year_id` int(11) NOT NULL,
  `t_rel_class_id` int(11) NOT NULL,
  `t_rel_subject_id` int(11) NOT NULL,
  `t_rel_stream_id` int(11) DEFAULT NULL,
  `t_rel_subject_type_id` int(11) DEFAULT NULL,
  `result_type` enum('grade','marks','both') NOT NULL DEFAULT 'both',
  `formative_1_full_marks` int(11) DEFAULT NULL COMMENT 'Used For Class 7 & Class 8',
  `formative_1_weightage` int(11) DEFAULT NULL COMMENT 'Used For Class 7 & Class 8',
  `formative_2_full_marks` int(11) DEFAULT NULL COMMENT 'Used For Class 7 & Class 8',
  `formative_2_weightage` int(11) DEFAULT NULL COMMENT 'Used For Class 7 & Class 8',
  `summative_1_full_marks` int(11) DEFAULT NULL COMMENT 'Used For Class 7 & Class 8',
  `summative_1_weightage` int(11) DEFAULT NULL COMMENT 'Used For Class 7 & Class 8',
  `formative_3_full_marks` int(11) DEFAULT NULL COMMENT 'Used For Class 7 & Class 8',
  `formative_3_weightage` int(11) DEFAULT NULL COMMENT 'Used For Class 7 & Class 8',
  `formative_4_full_marks` int(11) DEFAULT NULL COMMENT 'Used For Class 7 & Class 8',
  `formative_4_weightage` int(11) DEFAULT NULL COMMENT 'Used For Class 7 & Class 8',
  `summative_2_full_marks` int(11) DEFAULT NULL COMMENT 'Used For Class 7 & Class 8',
  `summative_2_weightage` int(11) DEFAULT NULL COMMENT 'Used For Class 7 & Class 8',
  `internal_1_assessment_full_marks` int(11) DEFAULT NULL COMMENT 'Used For Class 9 & Class 10 & Class 11 & Class 12',
  `theory_1_full_marks` int(11) DEFAULT NULL COMMENT 'Used For Class 9 & Class 10 & Class 11 & Class 12',
  `project_practical_1_full_marks` int(11) DEFAULT NULL COMMENT 'Used For Class 9 & Class 10 & Class 11 & Class 12',
  `internal_2_assessment_full_marks` int(11) DEFAULT NULL COMMENT 'Used For Class 9 & Class 10 & Class 11 & Class 12',
  `theory_2_full_marks` int(11) DEFAULT NULL COMMENT 'Used For Class 9 & Class 10 & Class 11 & Class 12',
  `project_practical_2_full_marks` int(11) DEFAULT NULL COMMENT 'Used For Class 9 & Class 10 & Class 11 & Class 12'
) ENGINE=InnoDB DEFAULT CHARSET=utf8mb4 COLLATE=utf8mb4_general_ci;

--
-- Dumping data for table `t_rel_class_subject`
--

INSERT INTO `t_rel_class_subject` (`t_rel_class_subject_id`, `t_mst_client_id`, `t_mst_academic_year_id`, `t_rel_class_id`, `t_rel_subject_id`, `t_rel_stream_id`, `t_rel_subject_type_id`, `result_type`, `formative_1_full_marks`, `formative_1_weightage`, `formative_2_full_marks`, `formative_2_weightage`, `summative_1_full_marks`, `summative_1_weightage`, `formative_3_full_marks`, `formative_3_weightage`, `formative_4_full_marks`, `formative_4_weightage`, `summative_2_full_marks`, `summative_2_weightage`, `internal_1_assessment_full_marks`, `theory_1_full_marks`, `project_practical_1_full_marks`, `internal_2_assessment_full_marks`, `theory_2_full_marks`, `project_practical_2_full_marks`) VALUES
(11, 1, 1, 2, 2, NULL, 1, 'marks', NULL, NULL, NULL, NULL, NULL, NULL, NULL, NULL, NULL, NULL, NULL, NULL, NULL, NULL, NULL, NULL, NULL, NULL),
(12, 1, 1, 2, 5, NULL, 2, 'marks', NULL, NULL, NULL, NULL, NULL, NULL, NULL, NULL, NULL, NULL, NULL, NULL, NULL, NULL, NULL, NULL, NULL, NULL),
(13, 1, 1, 2, 9, NULL, 2, 'marks', NULL, NULL, NULL, NULL, NULL, NULL, NULL, NULL, NULL, NULL, NULL, NULL, NULL, NULL, NULL, NULL, NULL, NULL),
(14, 1, 1, 2, 13, NULL, 2, 'marks', NULL, NULL, NULL, NULL, NULL, NULL, NULL, NULL, NULL, NULL, NULL, NULL, NULL, NULL, NULL, NULL, NULL, NULL),
(15, 1, 1, 2, 7, NULL, 3, 'both', NULL, NULL, NULL, NULL, NULL, NULL, NULL, NULL, NULL, NULL, NULL, NULL, NULL, NULL, NULL, NULL, NULL, NULL),
(16, 1, 1, 2, 11, NULL, 3, 'marks', NULL, NULL, NULL, NULL, NULL, NULL, NULL, NULL, NULL, NULL, NULL, NULL, NULL, NULL, NULL, NULL, NULL, NULL),
(17, 1, 1, 2, 15, NULL, 3, 'marks', NULL, NULL, NULL, NULL, NULL, NULL, NULL, NULL, NULL, NULL, NULL, NULL, NULL, NULL, NULL, NULL, NULL, NULL),
(18, 1, 1, 2, 4, NULL, 4, 'grade', NULL, NULL, NULL, NULL, NULL, NULL, NULL, NULL, NULL, NULL, NULL, NULL, NULL, NULL, NULL, NULL, NULL, NULL),
(19, 1, 1, 2, 19, NULL, 7, 'marks', NULL, NULL, NULL, NULL, NULL, NULL, NULL, NULL, NULL, NULL, NULL, NULL, NULL, NULL, NULL, NULL, NULL, NULL),
(20, 1, 1, 2, 27, NULL, 7, 'marks', NULL, NULL, NULL, NULL, NULL, NULL, NULL, NULL, NULL, NULL, NULL, NULL, NULL, NULL, NULL, NULL, NULL, NULL),
(21, 1, 1, 3, 2, NULL, 1, 'marks', NULL, NULL, NULL, NULL, NULL, NULL, NULL, NULL, NULL, NULL, NULL, NULL, NULL, NULL, NULL, NULL, NULL, NULL),
(22, 1, 1, 3, 3, NULL, 1, 'marks', NULL, NULL, NULL, NULL, NULL, NULL, NULL, NULL, NULL, NULL, NULL, NULL, NULL, NULL, NULL, NULL, NULL, NULL),
(23, 1, 1, 3, 5, NULL, 2, 'marks', NULL, NULL, NULL, NULL, NULL, NULL, NULL, NULL, NULL, NULL, NULL, NULL, NULL, NULL, NULL, NULL, NULL, NULL),
(24, 1, 1, 3, 6, NULL, 2, 'marks', NULL, NULL, NULL, NULL, NULL, NULL, NULL, NULL, NULL, NULL, NULL, NULL, NULL, NULL, NULL, NULL, NULL, NULL),
(25, 1, 1, 3, 9, NULL, 2, 'marks', NULL, NULL, NULL, NULL, NULL, NULL, NULL, NULL, NULL, NULL, NULL, NULL, NULL, NULL, NULL, NULL, NULL, NULL),
(26, 1, 1, 3, 10, NULL, 2, 'marks', NULL, NULL, NULL, NULL, NULL, NULL, NULL, NULL, NULL, NULL, NULL, NULL, NULL, NULL, NULL, NULL, NULL, NULL),
(27, 1, 1, 3, 13, NULL, 2, 'marks', NULL, NULL, NULL, NULL, NULL, NULL, NULL, NULL, NULL, NULL, NULL, NULL, NULL, NULL, NULL, NULL, NULL, NULL),
(28, 1, 1, 3, 14, NULL, 2, 'marks', NULL, NULL, NULL, NULL, NULL, NULL, NULL, NULL, NULL, NULL, NULL, NULL, NULL, NULL, NULL, NULL, NULL, NULL),
(29, 1, 1, 3, 15, NULL, 3, 'marks', NULL, NULL, NULL, NULL, NULL, NULL, NULL, NULL, NULL, NULL, NULL, NULL, NULL, NULL, NULL, NULL, NULL, NULL),
(30, 1, 1, 3, 7, NULL, 3, 'marks', NULL, NULL, NULL, NULL, NULL, NULL, NULL, NULL, NULL, NULL, NULL, NULL, NULL, NULL, NULL, NULL, NULL, NULL),
(31, 1, 1, 3, 11, NULL, 3, 'marks', NULL, NULL, NULL, NULL, NULL, NULL, NULL, NULL, NULL, NULL, NULL, NULL, NULL, NULL, NULL, NULL, NULL, NULL),
(32, 1, 1, 3, 4, NULL, 4, 'marks', NULL, NULL, NULL, NULL, NULL, NULL, NULL, NULL, NULL, NULL, NULL, NULL, NULL, NULL, NULL, NULL, NULL, NULL),
(33, 1, 1, 3, 19, NULL, 7, 'marks', NULL, NULL, NULL, NULL, NULL, NULL, NULL, NULL, NULL, NULL, NULL, NULL, NULL, NULL, NULL, NULL, NULL, NULL),
(34, 1, 1, 3, 27, NULL, 7, 'marks', NULL, NULL, NULL, NULL, NULL, NULL, NULL, NULL, NULL, NULL, NULL, NULL, NULL, NULL, NULL, NULL, NULL, NULL),
(35, 1, 1, 3, 34, NULL, 7, 'marks', NULL, NULL, NULL, NULL, NULL, NULL, NULL, NULL, NULL, NULL, NULL, NULL, NULL, NULL, NULL, NULL, NULL, NULL),
(52, 1, 1, 5, 2, NULL, 1, 'marks', NULL, NULL, NULL, NULL, NULL, NULL, NULL, NULL, NULL, NULL, NULL, NULL, NULL, NULL, NULL, NULL, NULL, NULL),
(53, 1, 1, 5, 3, NULL, 1, 'marks', NULL, NULL, NULL, NULL, NULL, NULL, NULL, NULL, NULL, NULL, NULL, NULL, NULL, NULL, NULL, NULL, NULL, NULL),
(54, 1, 1, 5, 5, NULL, 2, 'marks', NULL, NULL, NULL, NULL, NULL, NULL, NULL, NULL, NULL, NULL, NULL, NULL, NULL, NULL, NULL, NULL, NULL, NULL),
(55, 1, 1, 5, 6, NULL, 2, 'marks', NULL, NULL, NULL, NULL, NULL, NULL, NULL, NULL, NULL, NULL, NULL, NULL, NULL, NULL, NULL, NULL, NULL, NULL),
(56, 1, 1, 5, 9, NULL, 2, 'marks', NULL, NULL, NULL, NULL, NULL, NULL, NULL, NULL, NULL, NULL, NULL, NULL, NULL, NULL, NULL, NULL, NULL, NULL),
(57, 1, 1, 5, 10, NULL, 2, 'marks', NULL, NULL, NULL, NULL, NULL, NULL, NULL, NULL, NULL, NULL, NULL, NULL, NULL, NULL, NULL, NULL, NULL, NULL),
(58, 1, 1, 5, 13, NULL, 2, 'marks', NULL, NULL, NULL, NULL, NULL, NULL, NULL, NULL, NULL, NULL, NULL, NULL, NULL, NULL, NULL, NULL, NULL, NULL),
(59, 1, 1, 5, 14, NULL, 2, 'marks', NULL, NULL, NULL, NULL, NULL, NULL, NULL, NULL, NULL, NULL, NULL, NULL, NULL, NULL, NULL, NULL, NULL, NULL),
(60, 1, 1, 5, 7, NULL, 3, 'marks', NULL, NULL, NULL, NULL, NULL, NULL, NULL, NULL, NULL, NULL, NULL, NULL, NULL, NULL, NULL, NULL, NULL, NULL),
(61, 1, 1, 5, 11, NULL, 3, 'marks', NULL, NULL, NULL, NULL, NULL, NULL, NULL, NULL, NULL, NULL, NULL, NULL, NULL, NULL, NULL, NULL, NULL, NULL),
(62, 1, 1, 5, 15, NULL, 3, 'marks', NULL, NULL, NULL, NULL, NULL, NULL, NULL, NULL, NULL, NULL, NULL, NULL, NULL, NULL, NULL, NULL, NULL, NULL),
(63, 1, 1, 5, 4, NULL, 4, 'marks', NULL, NULL, NULL, NULL, NULL, NULL, NULL, NULL, NULL, NULL, NULL, NULL, NULL, NULL, NULL, NULL, NULL, NULL),
(64, 1, 1, 5, 42, NULL, 4, 'marks', NULL, NULL, NULL, NULL, NULL, NULL, NULL, NULL, NULL, NULL, NULL, NULL, NULL, NULL, NULL, NULL, NULL, NULL),
(65, 1, 1, 5, 19, NULL, 7, 'marks', NULL, NULL, NULL, NULL, NULL, NULL, NULL, NULL, NULL, NULL, NULL, NULL, NULL, NULL, NULL, NULL, NULL, NULL),
(66, 1, 1, 5, 27, NULL, 7, 'marks', NULL, NULL, NULL, NULL, NULL, NULL, NULL, NULL, NULL, NULL, NULL, NULL, NULL, NULL, NULL, NULL, NULL, NULL),
(67, 1, 1, 5, 34, NULL, 7, 'marks', NULL, NULL, NULL, NULL, NULL, NULL, NULL, NULL, NULL, NULL, NULL, NULL, NULL, NULL, NULL, NULL, NULL, NULL),
(100, 1, 1, 8, 2, NULL, 1, 'marks', NULL, NULL, NULL, NULL, NULL, NULL, NULL, 0, NULL, NULL, NULL, NULL, NULL, NULL, NULL, NULL, NULL, NULL),
(101, 1, 1, 8, 3, NULL, 1, 'marks', NULL, NULL, NULL, NULL, NULL, NULL, NULL, NULL, NULL, NULL, NULL, NULL, NULL, NULL, NULL, NULL, NULL, NULL),
(102, 1, 1, 8, 5, NULL, 2, 'marks', NULL, NULL, NULL, NULL, NULL, NULL, NULL, NULL, NULL, NULL, NULL, NULL, NULL, NULL, NULL, NULL, NULL, NULL),
(103, 1, 1, 8, 9, NULL, 2, 'marks', NULL, NULL, NULL, NULL, NULL, NULL, NULL, NULL, NULL, NULL, NULL, NULL, NULL, NULL, NULL, NULL, NULL, NULL),
(104, 1, 1, 8, 13, NULL, 2, 'marks', NULL, NULL, NULL, NULL, NULL, NULL, NULL, NULL, NULL, NULL, NULL, NULL, NULL, NULL, NULL, NULL, NULL, NULL),
(105, 1, 1, 8, 7, NULL, 3, 'marks', NULL, NULL, NULL, NULL, NULL, NULL, NULL, NULL, NULL, NULL, NULL, NULL, NULL, NULL, NULL, NULL, NULL, NULL),
(106, 1, 1, 8, 11, NULL, 3, 'marks', NULL, NULL, NULL, NULL, NULL, NULL, NULL, NULL, NULL, NULL, NULL, NULL, NULL, NULL, NULL, NULL, NULL, NULL),
(107, 1, 1, 8, 15, NULL, 3, 'marks', NULL, NULL, NULL, NULL, NULL, NULL, NULL, NULL, NULL, NULL, NULL, NULL, NULL, NULL, NULL, NULL, NULL, NULL),
(108, 1, 1, 8, 52, NULL, 3, 'marks', NULL, NULL, NULL, NULL, NULL, NULL, NULL, NULL, NULL, NULL, NULL, NULL, NULL, NULL, NULL, NULL, NULL, NULL),
(109, 1, 1, 8, 17, NULL, 7, 'marks', NULL, NULL, NULL, NULL, NULL, NULL, NULL, NULL, NULL, NULL, NULL, NULL, NULL, NULL, NULL, NULL, NULL, NULL),
(110, 1, 1, 8, 18, NULL, 7, 'marks', NULL, NULL, NULL, NULL, NULL, NULL, NULL, NULL, NULL, NULL, NULL, NULL, NULL, NULL, NULL, NULL, NULL, NULL),
(111, 1, 1, 8, 19, NULL, 7, 'marks', NULL, NULL, NULL, NULL, NULL, NULL, NULL, NULL, NULL, NULL, NULL, NULL, NULL, NULL, NULL, NULL, NULL, NULL),
(112, 1, 1, 8, 20, NULL, 7, 'marks', NULL, NULL, NULL, NULL, NULL, NULL, NULL, NULL, NULL, NULL, NULL, NULL, NULL, NULL, NULL, NULL, NULL, NULL),
(113, 1, 1, 8, 24, NULL, 7, 'marks', NULL, NULL, NULL, NULL, NULL, NULL, NULL, NULL, NULL, NULL, NULL, NULL, NULL, NULL, NULL, NULL, NULL, NULL),
(114, 1, 1, 8, 25, NULL, 7, 'marks', NULL, NULL, NULL, NULL, NULL, NULL, NULL, NULL, NULL, NULL, NULL, NULL, NULL, NULL, NULL, NULL, NULL, NULL),
(115, 1, 1, 8, 37, NULL, 7, 'marks', NULL, NULL, NULL, NULL, NULL, NULL, NULL, NULL, NULL, NULL, NULL, NULL, NULL, NULL, NULL, NULL, NULL, NULL),
(116, 1, 1, 9, 2, NULL, 1, 'marks', NULL, NULL, NULL, NULL, NULL, NULL, NULL, NULL, NULL, NULL, NULL, NULL, 39, 22, 70, 59, 66, 49),
(117, 1, 1, 9, 3, NULL, 1, 'marks', NULL, NULL, NULL, NULL, NULL, NULL, NULL, NULL, NULL, NULL, NULL, NULL, 45, 99, 71, 54, NULL, NULL),
(118, 1, 1, 9, 63, NULL, 4, 'marks', NULL, NULL, NULL, NULL, NULL, NULL, NULL, NULL, NULL, NULL, NULL, NULL, NULL, NULL, NULL, NULL, 85, 56),
(119, 1, 1, 9, 64, NULL, 4, 'marks', NULL, NULL, NULL, NULL, NULL, NULL, NULL, NULL, NULL, NULL, NULL, NULL, NULL, NULL, NULL, NULL, NULL, NULL),
(120, 1, 1, 9, 58, NULL, 2, 'marks', NULL, NULL, NULL, NULL, NULL, NULL, NULL, NULL, NULL, NULL, NULL, NULL, NULL, NULL, NULL, NULL, 86, 66),
(121, 1, 1, 9, 8, NULL, 2, 'marks', NULL, NULL, NULL, NULL, NULL, NULL, NULL, NULL, NULL, NULL, NULL, NULL, NULL, NULL, NULL, NULL, NULL, NULL),
(122, 1, 1, 9, 12, NULL, 2, 'marks', NULL, NULL, NULL, NULL, NULL, NULL, NULL, NULL, NULL, NULL, NULL, NULL, NULL, NULL, NULL, NULL, NULL, NULL),
(123, 1, 1, 9, 59, NULL, 8, 'marks', NULL, NULL, NULL, NULL, NULL, NULL, NULL, NULL, NULL, NULL, NULL, NULL, NULL, NULL, NULL, NULL, NULL, NULL),
(124, 1, 1, 9, 60, NULL, 8, 'marks', NULL, NULL, NULL, NULL, NULL, NULL, NULL, NULL, NULL, NULL, NULL, NULL, NULL, NULL, NULL, NULL, NULL, NULL),
(125, 1, 1, 9, 62, NULL, 8, 'marks', NULL, NULL, NULL, NULL, NULL, NULL, NULL, NULL, NULL, NULL, NULL, NULL, NULL, NULL, NULL, NULL, NULL, NULL),
(126, 1, 1, 9, 61, NULL, 8, 'marks', NULL, NULL, NULL, NULL, NULL, NULL, NULL, NULL, NULL, NULL, NULL, NULL, NULL, NULL, NULL, NULL, NULL, NULL),
(127, 1, 1, 9, 26, NULL, 8, 'marks', NULL, NULL, NULL, NULL, NULL, NULL, NULL, NULL, NULL, NULL, NULL, NULL, NULL, NULL, NULL, NULL, NULL, NULL),
(128, 1, 1, 9, 65, NULL, 8, 'marks', NULL, NULL, NULL, NULL, NULL, NULL, NULL, NULL, NULL, NULL, NULL, NULL, NULL, NULL, NULL, NULL, NULL, NULL),
(129, 1, 1, 9, 28, NULL, 8, 'marks', NULL, NULL, NULL, NULL, NULL, NULL, NULL, NULL, NULL, NULL, NULL, NULL, NULL, NULL, NULL, NULL, NULL, NULL),
(130, 1, 1, 9, 29, NULL, 9, 'marks', NULL, NULL, NULL, NULL, NULL, NULL, NULL, NULL, NULL, NULL, NULL, NULL, NULL, NULL, NULL, NULL, NULL, NULL),
(131, 1, 1, 9, 16, NULL, 9, 'marks', NULL, NULL, NULL, NULL, NULL, NULL, NULL, NULL, NULL, NULL, NULL, NULL, NULL, NULL, NULL, NULL, NULL, NULL),
(132, 1, 1, 9, 30, NULL, 9, 'marks', NULL, NULL, NULL, NULL, NULL, NULL, NULL, NULL, NULL, NULL, NULL, NULL, NULL, NULL, NULL, NULL, NULL, NULL),
(133, 1, 1, 9, 21, NULL, 9, 'marks', NULL, NULL, NULL, NULL, NULL, NULL, NULL, NULL, NULL, NULL, NULL, NULL, NULL, NULL, NULL, NULL, NULL, NULL),
(134, 1, 1, 9, 38, NULL, 9, 'marks', NULL, NULL, NULL, NULL, NULL, NULL, NULL, NULL, NULL, NULL, NULL, NULL, NULL, NULL, NULL, NULL, NULL, NULL),
(135, 1, 1, 9, 39, NULL, 9, 'marks', NULL, NULL, NULL, NULL, NULL, NULL, NULL, NULL, NULL, NULL, NULL, NULL, NULL, NULL, NULL, NULL, NULL, NULL),
(136, 1, 1, 9, 40, NULL, 9, 'marks', NULL, NULL, NULL, NULL, NULL, NULL, NULL, NULL, NULL, NULL, NULL, NULL, NULL, NULL, NULL, NULL, NULL, NULL),
(137, 1, 1, 9, 41, NULL, 9, 'marks', NULL, NULL, NULL, NULL, NULL, NULL, NULL, NULL, NULL, NULL, NULL, NULL, NULL, NULL, 76, NULL, NULL, NULL),
(138, 1, 1, 9, 57, NULL, 9, 'marks', NULL, NULL, NULL, NULL, NULL, NULL, NULL, NULL, NULL, NULL, NULL, NULL, NULL, NULL, 75, NULL, NULL, NULL),
(144, 1, 1, 12, 2, 2, 1, 'marks', NULL, NULL, NULL, NULL, NULL, NULL, NULL, NULL, NULL, NULL, NULL, NULL, NULL, NULL, NULL, NULL, NULL, NULL),
(145, 1, 1, 12, 3, 2, 1, 'marks', NULL, NULL, NULL, NULL, NULL, NULL, NULL, NULL, NULL, NULL, NULL, NULL, NULL, NULL, NULL, NULL, NULL, NULL),
(146, 1, 1, 12, 31, 3, 5, 'marks', NULL, NULL, NULL, NULL, NULL, NULL, NULL, NULL, NULL, NULL, NULL, NULL, NULL, NULL, NULL, NULL, NULL, NULL),
(147, 1, 1, 12, 36, 3, 5, 'marks', NULL, NULL, NULL, NULL, NULL, NULL, NULL, NULL, NULL, NULL, NULL, NULL, NULL, NULL, NULL, NULL, NULL, NULL),
(148, 1, 1, 10, 2, NULL, 1, 'marks', NULL, NULL, NULL, NULL, NULL, NULL, NULL, NULL, NULL, NULL, NULL, NULL, 50, 80, 20, NULL, NULL, NULL),
(149, 1, 1, 10, 3, NULL, 1, 'marks', NULL, NULL, NULL, NULL, NULL, NULL, NULL, NULL, NULL, NULL, NULL, NULL, NULL, NULL, NULL, NULL, NULL, NULL),
(150, 1, 1, 10, 63, NULL, 4, 'marks', NULL, NULL, NULL, NULL, NULL, NULL, NULL, NULL, NULL, NULL, NULL, NULL, NULL, NULL, NULL, NULL, NULL, NULL),
(151, 1, 1, 10, 64, NULL, 4, 'marks', NULL, NULL, NULL, NULL, NULL, NULL, NULL, NULL, NULL, NULL, NULL, NULL, NULL, NULL, NULL, NULL, NULL, NULL),
(152, 1, 1, 10, 58, NULL, 2, 'marks', NULL, NULL, NULL, NULL, NULL, NULL, NULL, NULL, NULL, NULL, NULL, NULL, NULL, NULL, NULL, NULL, NULL, NULL),
(153, 1, 1, 10, 8, NULL, 2, 'marks', NULL, NULL, NULL, NULL, NULL, NULL, NULL, NULL, NULL, NULL, NULL, NULL, NULL, NULL, NULL, NULL, NULL, NULL),
(154, 1, 1, 10, 12, NULL, 2, 'marks', NULL, NULL, NULL, NULL, NULL, NULL, NULL, NULL, NULL, NULL, NULL, NULL, NULL, NULL, NULL, NULL, NULL, NULL),
(155, 1, 1, 10, 59, NULL, 8, 'marks', NULL, NULL, NULL, NULL, NULL, NULL, NULL, NULL, NULL, NULL, NULL, NULL, NULL, NULL, NULL, NULL, NULL, NULL),
(156, 1, 1, 10, 60, NULL, 8, 'marks', NULL, NULL, NULL, NULL, NULL, NULL, NULL, NULL, NULL, NULL, NULL, NULL, NULL, NULL, NULL, NULL, NULL, NULL),
(157, 1, 1, 10, 62, NULL, 8, 'marks', NULL, NULL, NULL, NULL, NULL, NULL, NULL, NULL, NULL, NULL, NULL, NULL, NULL, NULL, NULL, NULL, NULL, NULL),
(158, 1, 1, 10, 61, NULL, 8, 'marks', NULL, NULL, NULL, NULL, NULL, NULL, NULL, NULL, NULL, NULL, NULL, NULL, NULL, NULL, NULL, NULL, NULL, NULL),
(159, 1, 1, 10, 26, NULL, 8, 'marks', NULL, NULL, NULL, NULL, NULL, NULL, NULL, NULL, NULL, NULL, NULL, NULL, NULL, NULL, NULL, NULL, NULL, NULL),
(160, 1, 1, 10, 65, NULL, 8, 'marks', NULL, NULL, NULL, NULL, NULL, NULL, NULL, NULL, NULL, NULL, NULL, NULL, NULL, NULL, NULL, NULL, NULL, NULL),
(161, 1, 1, 10, 29, NULL, 9, 'marks', NULL, NULL, NULL, NULL, NULL, NULL, NULL, NULL, NULL, NULL, NULL, NULL, NULL, NULL, NULL, NULL, NULL, NULL),
(162, 1, 1, 10, 16, NULL, 9, 'marks', NULL, NULL, NULL, NULL, NULL, NULL, NULL, NULL, NULL, NULL, NULL, NULL, NULL, NULL, NULL, NULL, NULL, NULL),
(163, 1, 1, 10, 41, NULL, 9, 'marks', NULL, NULL, NULL, NULL, NULL, NULL, NULL, NULL, NULL, NULL, NULL, NULL, NULL, NULL, NULL, NULL, NULL, NULL),
(164, 1, 1, 10, 38, NULL, 9, 'marks', NULL, NULL, NULL, NULL, NULL, NULL, NULL, NULL, NULL, NULL, NULL, NULL, NULL, NULL, NULL, NULL, NULL, NULL),
(165, 1, 1, 10, 39, NULL, 9, 'marks', NULL, NULL, NULL, NULL, NULL, NULL, NULL, NULL, NULL, NULL, NULL, NULL, NULL, NULL, NULL, NULL, NULL, NULL),
(166, 1, 1, 10, 40, NULL, 9, 'marks', NULL, NULL, NULL, NULL, NULL, NULL, NULL, NULL, NULL, NULL, NULL, NULL, NULL, NULL, NULL, NULL, NULL, NULL),
(171, 1, 1, 10, 57, NULL, 9, 'marks', NULL, NULL, NULL, NULL, NULL, NULL, NULL, NULL, NULL, NULL, NULL, NULL, NULL, NULL, NULL, NULL, NULL, NULL),
(172, 1, 1, 12, 58, 2, 6, 'marks', NULL, NULL, NULL, NULL, NULL, NULL, NULL, NULL, NULL, NULL, NULL, NULL, NULL, NULL, NULL, NULL, NULL, NULL),
(173, 1, 1, 12, 8, 2, 6, 'marks', NULL, NULL, NULL, NULL, NULL, NULL, NULL, NULL, NULL, NULL, NULL, NULL, NULL, NULL, NULL, NULL, NULL, NULL),
(174, 1, 1, 12, 66, 2, 4, 'marks', NULL, NULL, NULL, NULL, NULL, NULL, NULL, NULL, NULL, NULL, NULL, NULL, NULL, NULL, NULL, NULL, NULL, NULL),
(175, 1, 1, 12, 67, 2, 4, 'marks', NULL, NULL, NULL, NULL, NULL, NULL, NULL, NULL, NULL, NULL, NULL, NULL, NULL, NULL, NULL, NULL, NULL, NULL),
(176, 1, 1, 12, 69, 2, 4, 'marks', NULL, NULL, NULL, NULL, NULL, NULL, NULL, NULL, NULL, NULL, NULL, NULL, NULL, NULL, NULL, NULL, NULL, NULL),
(177, 1, 1, 12, 68, 8, 4, 'marks', NULL, NULL, NULL, NULL, NULL, NULL, NULL, NULL, NULL, NULL, NULL, NULL, NULL, NULL, NULL, NULL, NULL, NULL),
(178, 1, 1, 12, 73, 3, 5, 'marks', NULL, NULL, NULL, NULL, NULL, NULL, NULL, NULL, NULL, NULL, NULL, NULL, NULL, NULL, NULL, NULL, NULL, NULL),
(185, 1, 1, 12, 2, 8, 1, 'marks', NULL, NULL, NULL, NULL, NULL, NULL, NULL, NULL, NULL, NULL, NULL, NULL, NULL, NULL, NULL, NULL, NULL, NULL),
(186, 1, 1, 12, 3, 8, 1, 'marks', NULL, NULL, NULL, NULL, NULL, NULL, NULL, NULL, NULL, NULL, NULL, NULL, NULL, NULL, NULL, NULL, NULL, NULL),
(187, 1, 1, 12, 8, 8, 6, 'marks', NULL, NULL, NULL, NULL, NULL, NULL, NULL, NULL, NULL, NULL, NULL, NULL, NULL, NULL, NULL, NULL, NULL, NULL),
(188, 1, 1, 12, 58, 8, 6, 'marks', NULL, NULL, NULL, NULL, NULL, NULL, NULL, NULL, NULL, NULL, NULL, NULL, NULL, NULL, NULL, NULL, NULL, NULL),
(189, 1, 1, 12, 66, 8, 4, 'marks', NULL, NULL, NULL, NULL, NULL, NULL, NULL, NULL, NULL, NULL, NULL, NULL, NULL, NULL, NULL, NULL, NULL, NULL),
(190, 1, 1, 12, 67, 8, 4, 'marks', NULL, NULL, NULL, NULL, NULL, NULL, NULL, NULL, NULL, NULL, NULL, NULL, NULL, NULL, NULL, NULL, NULL, NULL),
(191, 1, 1, 12, 68, 2, 5, 'marks', NULL, NULL, NULL, NULL, NULL, NULL, NULL, NULL, NULL, NULL, NULL, NULL, NULL, NULL, NULL, NULL, NULL, NULL),
(192, 1, 1, 12, 2, 4, 1, 'marks', NULL, NULL, NULL, NULL, NULL, NULL, NULL, NULL, NULL, NULL, NULL, NULL, NULL, NULL, NULL, NULL, NULL, NULL),
(193, 1, 1, 12, 3, 4, 1, 'marks', NULL, NULL, NULL, NULL, NULL, NULL, NULL, NULL, NULL, NULL, NULL, NULL, NULL, NULL, NULL, NULL, NULL, NULL),
(194, 1, 1, 12, 94, 4, 4, 'marks', NULL, NULL, NULL, NULL, NULL, NULL, NULL, NULL, NULL, NULL, NULL, NULL, NULL, NULL, NULL, NULL, NULL, NULL),
(195, 1, 1, 12, 95, 4, 4, 'marks', NULL, NULL, NULL, NULL, NULL, NULL, NULL, NULL, NULL, NULL, NULL, NULL, NULL, NULL, NULL, NULL, NULL, NULL),
(196, 1, 1, 12, 8, 4, 6, 'marks', NULL, NULL, NULL, NULL, NULL, NULL, NULL, NULL, NULL, NULL, NULL, NULL, NULL, NULL, NULL, NULL, NULL, NULL),
(197, 1, 1, 12, 58, 4, 6, 'marks', NULL, NULL, NULL, NULL, NULL, NULL, NULL, NULL, NULL, NULL, NULL, NULL, NULL, NULL, NULL, NULL, NULL, NULL),
(198, 1, 1, 12, 74, 4, 5, 'marks', NULL, NULL, NULL, NULL, NULL, NULL, NULL, NULL, NULL, NULL, NULL, NULL, NULL, NULL, NULL, NULL, NULL, NULL),
(199, 1, 1, 12, 82, 4, 5, 'marks', NULL, NULL, NULL, NULL, NULL, NULL, NULL, NULL, NULL, NULL, NULL, NULL, NULL, NULL, NULL, NULL, NULL, NULL),
(200, 1, 1, 12, 2, 3, 1, 'marks', NULL, NULL, NULL, NULL, NULL, NULL, NULL, NULL, NULL, NULL, NULL, NULL, NULL, NULL, NULL, NULL, NULL, NULL),
(201, 1, 1, 12, 3, 3, 1, 'marks', NULL, NULL, NULL, NULL, NULL, NULL, NULL, NULL, NULL, NULL, NULL, NULL, NULL, NULL, NULL, NULL, NULL, NULL),
(202, 1, 1, 12, 96, 3, 4, 'marks', NULL, NULL, NULL, NULL, NULL, NULL, NULL, NULL, NULL, NULL, NULL, NULL, NULL, NULL, NULL, NULL, NULL, NULL),
(203, 1, 1, 12, 98, 3, 4, 'marks', NULL, NULL, NULL, NULL, NULL, NULL, NULL, NULL, NULL, NULL, NULL, NULL, NULL, NULL, NULL, NULL, NULL, NULL),
(204, 1, 1, 12, 79, 3, 5, 'marks', NULL, NULL, NULL, NULL, NULL, NULL, NULL, NULL, NULL, NULL, NULL, NULL, NULL, NULL, NULL, NULL, NULL, NULL),
(205, 1, 1, 12, 71, 3, 5, 'marks', NULL, NULL, NULL, NULL, NULL, NULL, NULL, NULL, NULL, NULL, NULL, NULL, NULL, NULL, NULL, NULL, NULL, NULL),
(206, 1, 1, 12, 72, 3, 5, 'marks', NULL, NULL, NULL, NULL, NULL, NULL, NULL, NULL, NULL, NULL, NULL, NULL, NULL, NULL, NULL, NULL, NULL, NULL),
(207, 1, 1, 12, 8, 3, 6, 'marks', NULL, NULL, NULL, NULL, NULL, NULL, NULL, NULL, NULL, NULL, NULL, NULL, NULL, NULL, NULL, NULL, NULL, NULL),
(208, 1, 1, 12, 58, 3, 6, 'marks', NULL, NULL, NULL, NULL, NULL, NULL, NULL, NULL, NULL, NULL, NULL, NULL, NULL, NULL, NULL, NULL, NULL, NULL),
(209, 1, 1, 12, 74, 8, 5, 'marks', NULL, NULL, NULL, NULL, NULL, NULL, NULL, NULL, NULL, NULL, NULL, NULL, NULL, NULL, NULL, NULL, NULL, NULL),
(210, 1, 1, 12, 75, 8, 5, 'marks', NULL, NULL, NULL, NULL, NULL, NULL, NULL, NULL, NULL, NULL, NULL, NULL, NULL, NULL, NULL, NULL, NULL, NULL),
(211, 1, 1, 12, 71, 8, 5, 'marks', NULL, NULL, NULL, NULL, NULL, NULL, NULL, NULL, NULL, NULL, NULL, NULL, NULL, NULL, NULL, NULL, NULL, NULL),
(212, 1, 1, 12, 72, 8, 5, 'marks', NULL, NULL, NULL, NULL, NULL, NULL, NULL, NULL, NULL, NULL, NULL, NULL, NULL, NULL, NULL, NULL, NULL, NULL),
(213, 1, 1, 12, 73, 8, 5, 'marks', NULL, NULL, NULL, NULL, NULL, NULL, NULL, NULL, NULL, NULL, NULL, NULL, NULL, NULL, NULL, NULL, NULL, NULL),
(244, 1, 1, 12, 74, 3, 5, 'marks', NULL, NULL, NULL, NULL, NULL, NULL, NULL, NULL, NULL, NULL, NULL, NULL, NULL, NULL, NULL, NULL, NULL, NULL),
(245, 1, 1, 12, 79, 4, 5, 'marks', NULL, NULL, NULL, NULL, NULL, NULL, NULL, NULL, NULL, NULL, NULL, NULL, NULL, NULL, NULL, NULL, NULL, NULL),
(246, 1, 1, 12, 36, 4, 5, 'marks', NULL, NULL, NULL, NULL, NULL, NULL, NULL, NULL, NULL, NULL, NULL, NULL, NULL, NULL, NULL, NULL, NULL, NULL),
(248, 1, 1, 12, 82, 3, 5, 'marks', NULL, NULL, NULL, NULL, NULL, NULL, NULL, NULL, NULL, NULL, NULL, NULL, NULL, NULL, NULL, NULL, NULL, NULL),
(361, 1, 1, 4, 2, NULL, 1, 'both', NULL, NULL, NULL, NULL, NULL, NULL, NULL, NULL, NULL, NULL, NULL, NULL, NULL, NULL, NULL, NULL, NULL, NULL),
(362, 1, 1, 4, 3, NULL, 1, 'marks', NULL, NULL, NULL, NULL, NULL, NULL, NULL, NULL, NULL, NULL, NULL, NULL, NULL, NULL, NULL, NULL, NULL, NULL),
(363, 1, 1, 4, 5, NULL, 2, 'marks', NULL, NULL, NULL, NULL, NULL, NULL, NULL, NULL, NULL, NULL, NULL, NULL, NULL, NULL, NULL, NULL, NULL, NULL),
(364, 1, 1, 4, 6, NULL, 2, 'marks', NULL, NULL, NULL, NULL, NULL, NULL, NULL, NULL, NULL, NULL, NULL, NULL, NULL, NULL, NULL, NULL, NULL, NULL),
(365, 1, 1, 4, 9, NULL, 2, 'marks', NULL, NULL, NULL, NULL, NULL, NULL, NULL, NULL, NULL, NULL, NULL, NULL, NULL, NULL, NULL, NULL, NULL, NULL),
(366, 1, 1, 4, 10, NULL, 2, 'marks', NULL, NULL, NULL, NULL, NULL, NULL, NULL, NULL, NULL, NULL, NULL, NULL, NULL, NULL, NULL, NULL, NULL, NULL),
(367, 1, 1, 4, 13, NULL, 2, 'marks', NULL, NULL, NULL, NULL, NULL, NULL, NULL, NULL, NULL, NULL, NULL, NULL, NULL, NULL, NULL, NULL, NULL, NULL),
(368, 1, 1, 4, 14, NULL, 2, 'marks', NULL, NULL, NULL, NULL, NULL, NULL, NULL, NULL, NULL, NULL, NULL, NULL, NULL, NULL, NULL, NULL, NULL, NULL),
(369, 1, 1, 4, 7, NULL, 3, 'marks', NULL, NULL, NULL, NULL, NULL, NULL, NULL, NULL, NULL, NULL, NULL, NULL, NULL, NULL, NULL, NULL, NULL, NULL),
(370, 1, 1, 4, 11, NULL, 3, 'marks', NULL, NULL, NULL, NULL, NULL, NULL, NULL, NULL, NULL, NULL, NULL, NULL, NULL, NULL, NULL, NULL, NULL, NULL),
(371, 1, 1, 4, 15, NULL, 3, 'marks', NULL, NULL, NULL, NULL, NULL, NULL, NULL, NULL, NULL, NULL, NULL, NULL, NULL, NULL, NULL, NULL, NULL, NULL),
(372, 1, 1, 4, 4, NULL, 4, 'marks', NULL, NULL, NULL, NULL, NULL, NULL, NULL, NULL, NULL, NULL, NULL, NULL, NULL, NULL, NULL, NULL, NULL, NULL),
(373, 1, 1, 4, 42, NULL, 4, 'marks', NULL, NULL, NULL, NULL, NULL, NULL, NULL, NULL, NULL, NULL, NULL, NULL, NULL, NULL, NULL, NULL, NULL, NULL),
(374, 1, 1, 4, 19, NULL, 7, 'marks', NULL, NULL, NULL, NULL, NULL, NULL, NULL, NULL, NULL, NULL, NULL, NULL, NULL, NULL, NULL, NULL, NULL, NULL),
(375, 1, 1, 4, 27, NULL, 7, 'marks', NULL, NULL, NULL, NULL, NULL, NULL, NULL, NULL, NULL, NULL, NULL, NULL, NULL, NULL, NULL, NULL, NULL, NULL),
(376, 1, 1, 4, 34, NULL, 7, 'marks', NULL, NULL, NULL, NULL, NULL, NULL, NULL, NULL, NULL, NULL, NULL, NULL, NULL, NULL, NULL, NULL, NULL, NULL),
(394, 1, 1, 6, 2, NULL, 1, 'marks', NULL, NULL, NULL, NULL, NULL, NULL, NULL, NULL, NULL, NULL, NULL, NULL, NULL, NULL, NULL, NULL, NULL, NULL),
(395, 1, 1, 6, 3, NULL, 1, 'marks', NULL, NULL, NULL, NULL, NULL, NULL, NULL, NULL, NULL, NULL, NULL, NULL, NULL, NULL, NULL, NULL, NULL, NULL),
(396, 1, 1, 6, 5, NULL, 2, 'marks', NULL, NULL, NULL, NULL, NULL, NULL, NULL, NULL, NULL, NULL, NULL, NULL, NULL, NULL, NULL, NULL, NULL, NULL),
(397, 1, 1, 6, 6, NULL, 2, 'marks', NULL, NULL, NULL, NULL, NULL, NULL, NULL, NULL, NULL, NULL, NULL, NULL, NULL, NULL, NULL, NULL, NULL, NULL),
(398, 1, 1, 6, 9, NULL, 2, 'marks', NULL, NULL, NULL, NULL, NULL, NULL, NULL, NULL, NULL, NULL, NULL, NULL, NULL, NULL, NULL, NULL, NULL, NULL),
(399, 1, 1, 6, 10, NULL, 2, 'marks', NULL, NULL, NULL, NULL, NULL, NULL, NULL, NULL, NULL, NULL, NULL, NULL, NULL, NULL, NULL, NULL, NULL, NULL),
(400, 1, 1, 6, 13, NULL, 2, 'marks', NULL, NULL, NULL, NULL, NULL, NULL, NULL, NULL, NULL, NULL, NULL, NULL, NULL, NULL, NULL, NULL, NULL, NULL),
(401, 1, 1, 6, 14, NULL, 2, 'marks', NULL, NULL, NULL, NULL, NULL, NULL, NULL, NULL, NULL, NULL, NULL, NULL, NULL, NULL, NULL, NULL, NULL, NULL),
(402, 1, 1, 6, 11, NULL, 3, 'marks', NULL, NULL, NULL, NULL, NULL, NULL, NULL, NULL, NULL, NULL, NULL, NULL, NULL, NULL, NULL, NULL, NULL, NULL),
(403, 1, 1, 6, 7, NULL, 3, 'marks', NULL, NULL, NULL, NULL, NULL, NULL, NULL, NULL, NULL, NULL, NULL, NULL, NULL, NULL, NULL, NULL, NULL, NULL),
(404, 1, 1, 6, 15, NULL, 3, 'marks', NULL, NULL, NULL, NULL, NULL, NULL, NULL, NULL, NULL, NULL, NULL, NULL, NULL, NULL, NULL, NULL, NULL, NULL),
(405, 1, 1, 6, 4, NULL, 4, 'grade', NULL, NULL, NULL, NULL, NULL, NULL, NULL, NULL, NULL, NULL, NULL, NULL, NULL, NULL, NULL, NULL, NULL, NULL),
(406, 1, 1, 6, 42, NULL, 4, 'grade', NULL, NULL, NULL, NULL, NULL, NULL, NULL, NULL, NULL, NULL, NULL, NULL, NULL, NULL, NULL, NULL, NULL, NULL),
(407, 1, 1, 6, 19, NULL, 7, 'both', NULL, NULL, NULL, NULL, NULL, NULL, NULL, NULL, NULL, NULL, NULL, NULL, NULL, NULL, NULL, NULL, NULL, NULL),
(408, 1, 1, 6, 24, NULL, 7, 'marks', NULL, NULL, NULL, NULL, NULL, NULL, NULL, NULL, NULL, NULL, NULL, NULL, NULL, NULL, NULL, NULL, NULL, NULL),
(409, 1, 1, 6, 25, NULL, 7, 'marks', NULL, NULL, NULL, NULL, NULL, NULL, NULL, NULL, NULL, NULL, NULL, NULL, NULL, NULL, NULL, NULL, NULL, NULL),
(410, 1, 1, 6, 27, NULL, 7, 'marks', NULL, NULL, NULL, NULL, NULL, NULL, NULL, NULL, NULL, NULL, NULL, NULL, NULL, NULL, NULL, NULL, NULL, NULL),
(413, 1, 1, 1, 2, NULL, 1, 'both', NULL, NULL, NULL, NULL, NULL, NULL, NULL, NULL, NULL, NULL, NULL, NULL, NULL, NULL, NULL, NULL, NULL, NULL),
(414, 1, 1, 1, 9, NULL, 2, 'both', NULL, NULL, NULL, NULL, NULL, NULL, NULL, NULL, NULL, NULL, NULL, NULL, NULL, NULL, NULL, NULL, NULL, NULL),
(415, 1, 1, 1, 19, NULL, 7, 'both', NULL, NULL, NULL, NULL, NULL, NULL, NULL, NULL, NULL, NULL, NULL, NULL, NULL, NULL, NULL, NULL, NULL, NULL),
(457, 1, 1, 11, 2, 2, 1, 'marks', NULL, NULL, NULL, NULL, NULL, NULL, NULL, NULL, NULL, NULL, NULL, NULL, 50, 70, 30, NULL, NULL, NULL),
(458, 1, 1, 11, 3, 2, 1, 'marks', NULL, NULL, NULL, NULL, NULL, NULL, NULL, NULL, NULL, NULL, NULL, NULL, NULL, NULL, NULL, NULL, NULL, NULL),
(459, 1, 1, 11, 66, 2, 4, 'marks', NULL, NULL, NULL, NULL, NULL, NULL, NULL, NULL, NULL, NULL, NULL, NULL, NULL, NULL, NULL, NULL, NULL, NULL),
(460, 1, 1, 11, 67, 2, 4, 'marks', NULL, NULL, NULL, NULL, NULL, NULL, NULL, NULL, NULL, NULL, NULL, NULL, NULL, NULL, NULL, NULL, NULL, NULL),
(461, 1, 1, 11, 69, 2, 4, 'marks', NULL, NULL, NULL, NULL, NULL, NULL, NULL, NULL, NULL, NULL, NULL, NULL, NULL, NULL, NULL, NULL, NULL, NULL),
(462, 1, 1, 11, 68, 2, 5, 'marks', NULL, NULL, NULL, NULL, NULL, NULL, NULL, NULL, NULL, NULL, NULL, NULL, NULL, NULL, NULL, NULL, NULL, NULL),
(464, 1, 1, 11, 58, 2, 6, 'marks', NULL, NULL, NULL, NULL, NULL, NULL, NULL, NULL, NULL, NULL, NULL, NULL, NULL, NULL, NULL, NULL, NULL, NULL),
(668, 1, 1, 11, 2, 8, 1, 'marks', NULL, NULL, NULL, NULL, NULL, NULL, NULL, NULL, NULL, NULL, NULL, NULL, 50, 70, 30, NULL, NULL, NULL),
(669, 1, 1, 11, 3, 8, 1, 'marks', NULL, NULL, NULL, NULL, NULL, NULL, NULL, NULL, NULL, NULL, NULL, NULL, NULL, NULL, NULL, NULL, NULL, NULL),
(670, 1, 1, 11, 66, 8, 4, 'marks', NULL, NULL, NULL, NULL, NULL, NULL, NULL, NULL, NULL, NULL, NULL, NULL, NULL, NULL, NULL, NULL, NULL, NULL),
(671, 1, 1, 11, 67, 8, 4, 'marks', NULL, NULL, NULL, NULL, NULL, NULL, NULL, NULL, NULL, NULL, NULL, NULL, NULL, NULL, NULL, NULL, NULL, NULL),
(672, 1, 1, 11, 68, 8, 4, 'marks', NULL, NULL, NULL, NULL, NULL, NULL, NULL, NULL, NULL, NULL, NULL, NULL, NULL, NULL, NULL, NULL, NULL, NULL),
(673, 1, 1, 11, 75, 8, 5, 'marks', NULL, NULL, NULL, NULL, NULL, NULL, NULL, NULL, NULL, NULL, NULL, NULL, NULL, NULL, NULL, NULL, NULL, NULL),
(674, 1, 1, 11, 74, 8, 5, 'marks', NULL, NULL, NULL, NULL, NULL, NULL, NULL, NULL, NULL, NULL, NULL, NULL, NULL, NULL, NULL, NULL, NULL, NULL),
(675, 1, 1, 11, 71, 8, 5, 'marks', NULL, NULL, NULL, NULL, NULL, NULL, NULL, NULL, NULL, NULL, NULL, NULL, NULL, NULL, NULL, NULL, NULL, NULL),
(676, 1, 1, 11, 72, 8, 5, 'marks', NULL, NULL, NULL, NULL, NULL, NULL, NULL, NULL, NULL, NULL, NULL, NULL, NULL, NULL, NULL, NULL, NULL, NULL),
(677, 1, 1, 11, 73, 8, 5, 'marks', NULL, NULL, NULL, NULL, NULL, NULL, NULL, NULL, NULL, NULL, NULL, NULL, NULL, NULL, NULL, NULL, NULL, NULL),
(678, 1, 1, 11, 8, 8, 6, 'marks', NULL, NULL, NULL, NULL, NULL, NULL, NULL, NULL, NULL, NULL, NULL, NULL, NULL, NULL, NULL, NULL, NULL, NULL),
(679, 1, 1, 11, 58, 8, 6, 'marks', NULL, NULL, NULL, NULL, NULL, NULL, NULL, NULL, NULL, NULL, NULL, NULL, NULL, NULL, NULL, NULL, NULL, NULL),
(760, 1, 1, 11, 2, 3, 1, 'marks', NULL, NULL, NULL, NULL, NULL, NULL, NULL, NULL, NULL, NULL, NULL, NULL, 50, 70, 30, NULL, NULL, NULL),
(761, 1, 1, 11, 3, 3, 1, 'marks', NULL, NULL, NULL, NULL, NULL, NULL, NULL, NULL, NULL, NULL, NULL, NULL, NULL, NULL, NULL, NULL, NULL, NULL),
(762, 1, 1, 11, 74, 3, 5, 'marks', NULL, NULL, NULL, NULL, NULL, NULL, NULL, NULL, NULL, NULL, NULL, NULL, NULL, NULL, NULL, NULL, NULL, NULL),
(763, 1, 1, 11, 98, 3, 5, 'marks', NULL, NULL, NULL, NULL, NULL, NULL, NULL, NULL, NULL, NULL, NULL, NULL, NULL, NULL, NULL, NULL, NULL, NULL),
(764, 1, 1, 11, 79, 3, 5, 'marks', NULL, NULL, NULL, NULL, NULL, NULL, NULL, NULL, NULL, NULL, NULL, NULL, NULL, NULL, NULL, NULL, NULL, NULL),
(765, 1, 1, 11, 71, 3, 5, 'marks', NULL, NULL, NULL, NULL, NULL, NULL, NULL, NULL, NULL, NULL, NULL, NULL, NULL, NULL, NULL, NULL, NULL, NULL),
(766, 1, 1, 11, 72, 3, 5, 'marks', NULL, NULL, NULL, NULL, NULL, NULL, NULL, NULL, NULL, NULL, NULL, NULL, NULL, NULL, NULL, NULL, NULL, NULL),
(767, 1, 1, 11, 96, 3, 5, 'marks', NULL, NULL, NULL, NULL, NULL, NULL, NULL, NULL, NULL, NULL, NULL, NULL, NULL, NULL, NULL, NULL, NULL, NULL),
(768, 1, 1, 11, 73, 3, 5, 'marks', NULL, NULL, NULL, NULL, NULL, NULL, NULL, NULL, NULL, NULL, NULL, NULL, NULL, NULL, NULL, NULL, NULL, NULL),
(769, 1, 1, 11, 36, 3, 5, 'marks', NULL, NULL, NULL, NULL, NULL, NULL, NULL, NULL, NULL, NULL, NULL, NULL, NULL, NULL, NULL, NULL, NULL, NULL),
(770, 1, 1, 11, 31, 3, 5, 'marks', NULL, NULL, NULL, NULL, NULL, NULL, NULL, NULL, NULL, NULL, NULL, NULL, NULL, NULL, NULL, NULL, NULL, NULL),
(771, 1, 1, 11, 44, 3, 5, 'marks', NULL, NULL, NULL, NULL, NULL, NULL, NULL, NULL, NULL, NULL, NULL, NULL, NULL, NULL, NULL, NULL, NULL, NULL),
(772, 1, 1, 11, 43, 3, 5, 'marks', NULL, NULL, NULL, NULL, NULL, NULL, NULL, NULL, NULL, NULL, NULL, NULL, NULL, NULL, NULL, NULL, NULL, NULL),
(773, 1, 1, 11, 82, 3, 5, 'marks', NULL, NULL, NULL, NULL, NULL, NULL, NULL, NULL, NULL, NULL, NULL, NULL, NULL, NULL, NULL, NULL, NULL, NULL),
(774, 1, 1, 11, 58, 3, 6, 'marks', NULL, NULL, NULL, NULL, NULL, NULL, NULL, NULL, NULL, NULL, NULL, NULL, NULL, NULL, NULL, NULL, NULL, NULL),
(775, 1, 1, 11, 8, 3, 6, 'marks', NULL, NULL, NULL, NULL, NULL, NULL, NULL, NULL, NULL, NULL, NULL, NULL, NULL, NULL, NULL, NULL, NULL, NULL),
(816, 1, 1, 11, 2, 4, 1, 'marks', NULL, NULL, NULL, NULL, NULL, NULL, NULL, NULL, NULL, NULL, NULL, NULL, 50, 70, 30, NULL, NULL, NULL),
(817, 1, 1, 11, 3, 4, 1, 'marks', NULL, NULL, NULL, NULL, NULL, NULL, NULL, NULL, NULL, NULL, NULL, NULL, NULL, NULL, NULL, NULL, NULL, NULL),
(818, 1, 1, 11, 94, 4, 4, 'marks', NULL, NULL, NULL, NULL, NULL, NULL, NULL, NULL, NULL, NULL, NULL, NULL, NULL, NULL, NULL, NULL, NULL, NULL),
(819, 1, 1, 11, 95, 4, 4, 'marks', NULL, NULL, NULL, NULL, NULL, NULL, NULL, NULL, NULL, NULL, NULL, NULL, NULL, NULL, NULL, NULL, NULL, NULL),
(820, 1, 1, 11, 74, 4, 5, 'marks', NULL, NULL, NULL, NULL, NULL, NULL, NULL, NULL, NULL, NULL, NULL, NULL, NULL, NULL, NULL, NULL, NULL, NULL),
(821, 1, 1, 11, 82, 4, 5, 'marks', NULL, NULL, NULL, NULL, NULL, NULL, NULL, NULL, NULL, NULL, NULL, NULL, NULL, NULL, NULL, NULL, NULL, NULL),
(822, 1, 1, 11, 79, 4, 5, 'marks', NULL, NULL, NULL, NULL, NULL, NULL, NULL, NULL, NULL, NULL, NULL, NULL, NULL, NULL, NULL, NULL, NULL, NULL),
(823, 1, 1, 11, 36, 4, 5, 'marks', NULL, NULL, NULL, NULL, NULL, NULL, NULL, NULL, NULL, NULL, NULL, NULL, NULL, NULL, NULL, NULL, NULL, NULL),
(824, 1, 1, 11, 58, 4, 6, 'marks', NULL, NULL, NULL, NULL, NULL, NULL, NULL, NULL, NULL, NULL, NULL, NULL, NULL, NULL, NULL, NULL, NULL, NULL),
(885, 1, 1, 7, 2, NULL, 1, 'both', 22, 15, NULL, 22, NULL, 12, 1, NULL, NULL, NULL, NULL, 10, NULL, NULL, NULL, NULL, NULL, NULL),
(886, 1, 1, 7, 3, NULL, 1, 'both', 12, NULL, 18, 23, 50, 26, 2, 15, 22, 23, 24, 13, NULL, NULL, NULL, NULL, NULL, NULL),
(887, 1, 1, 7, 5, NULL, 2, 'both', 13, 17, 19, 24, 50, 28, 300, 33, NULL, NULL, 33, 11, NULL, NULL, NULL, NULL, NULL, NULL),
(888, 1, 1, 7, 9, NULL, 2, 'both', 14, NULL, 20, NULL, 50, 11, NULL, 4, 41, 42, 43, 14, NULL, NULL, NULL, NULL, NULL, NULL),
(889, 1, 1, 7, 13, NULL, 2, 'both', NULL, 16, 21, 25, NULL, NULL, NULL, NULL, NULL, NULL, NULL, 12, NULL, NULL, NULL, NULL, NULL, NULL),
(890, 1, 1, 7, 7, NULL, 3, 'marks', NULL, NULL, NULL, NULL, NULL, NULL, NULL, NULL, NULL, NULL, NULL, NULL, NULL, NULL, NULL, NULL, NULL, NULL),
(891, 1, 1, 7, 11, NULL, 3, 'marks', NULL, NULL, NULL, NULL, NULL, NULL, NULL, NULL, NULL, NULL, NULL, NULL, NULL, NULL, NULL, NULL, NULL, NULL),
(892, 1, 1, 7, 15, NULL, 3, 'marks', NULL, NULL, NULL, NULL, NULL, NULL, NULL, NULL, NULL, NULL, NULL, NULL, NULL, NULL, NULL, NULL, NULL, NULL),
(893, 1, 1, 7, 52, NULL, 3, 'marks', NULL, NULL, NULL, NULL, NULL, NULL, NULL, NULL, NULL, NULL, NULL, NULL, NULL, NULL, NULL, NULL, NULL, NULL),
(894, 1, 1, 7, 17, NULL, 7, 'marks', NULL, NULL, NULL, NULL, NULL, NULL, NULL, NULL, NULL, NULL, NULL, NULL, NULL, NULL, NULL, NULL, NULL, NULL),
(895, 1, 1, 7, 18, NULL, 7, 'marks', NULL, NULL, NULL, NULL, NULL, NULL, NULL, NULL, NULL, NULL, NULL, NULL, NULL, NULL, NULL, NULL, NULL, NULL),
(896, 1, 1, 7, 19, NULL, 7, 'marks', NULL, NULL, NULL, NULL, NULL, NULL, NULL, NULL, NULL, NULL, NULL, NULL, NULL, NULL, NULL, NULL, NULL, NULL),
(897, 1, 1, 7, 20, NULL, 7, 'marks', NULL, NULL, NULL, NULL, NULL, NULL, NULL, NULL, NULL, NULL, NULL, NULL, NULL, NULL, NULL, NULL, NULL, NULL),
(898, 1, 1, 7, 24, NULL, 7, 'marks', NULL, NULL, NULL, NULL, NULL, NULL, NULL, NULL, NULL, NULL, NULL, NULL, NULL, NULL, NULL, NULL, NULL, NULL),
(899, 1, 1, 7, 25, NULL, 7, 'marks', NULL, NULL, NULL, NULL, NULL, NULL, NULL, NULL, NULL, NULL, NULL, NULL, NULL, NULL, NULL, NULL, NULL, NULL);

-- --------------------------------------------------------

--
-- Table structure for table `t_rel_csa_class_tagging`
--

CREATE TABLE `t_rel_csa_class_tagging` (
  `t_rel_csa_class_tagging_id` int(11) NOT NULL,
  `t_rel_csa_master_id` int(11) NOT NULL,
  `t_rel_class_id` int(11) NOT NULL,
  `max_indicator` int(11) DEFAULT NULL,
  `created_by` int(11) NOT NULL,
  `created_at` timestamp NOT NULL DEFAULT current_timestamp(),
  `updated_by` int(11) DEFAULT NULL,
  `updated_at` timestamp NULL DEFAULT NULL ON UPDATE current_timestamp()
) ENGINE=InnoDB DEFAULT CHARSET=utf8mb4 COLLATE=utf8mb4_general_ci;

--
-- Dumping data for table `t_rel_csa_class_tagging`
--

INSERT INTO `t_rel_csa_class_tagging` (`t_rel_csa_class_tagging_id`, `t_rel_csa_master_id`, `t_rel_class_id`, `max_indicator`, `created_by`, `created_at`, `updated_by`, `updated_at`) VALUES
(23, 1, 2, NULL, 2, '2023-11-06 07:00:00', NULL, NULL),
(24, 2, 2, NULL, 2, '2023-11-06 07:00:00', NULL, NULL),
(25, 3, 2, NULL, 2, '2023-11-06 07:00:00', NULL, NULL),
(26, 4, 2, NULL, 2, '2023-11-06 07:00:00', NULL, NULL),
(27, 5, 2, NULL, 2, '2023-11-06 07:00:00', NULL, NULL),
(28, 6, 2, NULL, 2, '2023-11-06 07:00:00', NULL, NULL),
(29, 7, 2, NULL, 2, '2023-11-06 07:00:00', NULL, NULL),
(30, 8, 2, NULL, 2, '2023-11-06 07:00:00', NULL, NULL),
(31, 9, 2, NULL, 2, '2023-11-06 07:00:00', NULL, NULL),
(32, 11, 2, NULL, 2, '2023-11-06 07:00:00', NULL, NULL),
(33, 12, 2, NULL, 2, '2023-11-06 07:00:00', NULL, NULL),
(34, 13, 2, NULL, 2, '2023-11-06 07:00:00', NULL, NULL),
(35, 14, 2, NULL, 2, '2023-11-06 07:00:00', NULL, NULL),
(36, 15, 2, NULL, 2, '2023-11-06 07:00:00', NULL, NULL),
(37, 16, 2, NULL, 2, '2023-11-06 07:00:00', NULL, NULL),
(38, 17, 2, NULL, 2, '2023-11-06 07:00:00', NULL, NULL),
(39, 18, 2, NULL, 2, '2023-11-06 07:00:00', NULL, NULL),
(40, 19, 2, NULL, 2, '2023-11-06 07:00:00', NULL, NULL),
(41, 20, 2, NULL, 2, '2023-11-06 07:00:00', NULL, NULL),
(42, 21, 2, NULL, 2, '2023-11-06 07:00:00', NULL, NULL),
(43, 22, 2, NULL, 2, '2023-11-06 07:00:00', NULL, NULL),
(44, 23, 2, NULL, 2, '2023-11-06 07:00:00', NULL, NULL),
(45, 1, 3, NULL, 2, '2023-11-06 07:00:00', NULL, NULL),
(46, 2, 3, NULL, 2, '2023-11-06 07:00:00', NULL, NULL),
(47, 3, 3, NULL, 2, '2023-11-06 07:00:00', NULL, NULL),
(48, 4, 3, NULL, 2, '2023-11-06 07:00:00', NULL, NULL),
(49, 5, 3, NULL, 2, '2023-11-06 07:00:00', NULL, NULL),
(50, 6, 3, NULL, 2, '2023-11-06 07:00:00', NULL, NULL),
(51, 7, 3, NULL, 2, '2023-11-06 07:00:00', NULL, NULL),
(52, 8, 3, NULL, 2, '2023-11-06 07:00:00', NULL, NULL),
(53, 9, 3, NULL, 2, '2023-11-06 07:00:00', NULL, NULL),
(54, 10, 3, NULL, 2, '2023-11-06 07:00:00', NULL, NULL),
(55, 12, 3, NULL, 2, '2023-11-06 07:00:00', NULL, NULL),
(56, 13, 3, NULL, 2, '2023-11-06 07:00:00', NULL, NULL),
(57, 14, 3, NULL, 2, '2023-11-06 07:00:00', NULL, NULL),
(58, 15, 3, NULL, 2, '2023-11-06 07:00:00', NULL, NULL),
(59, 16, 3, NULL, 2, '2023-11-06 07:00:00', NULL, NULL),
(60, 17, 3, NULL, 2, '2023-11-06 07:00:00', NULL, NULL),
(61, 18, 3, NULL, 2, '2023-11-06 07:00:00', NULL, NULL),
(62, 19, 3, NULL, 2, '2023-11-06 07:00:00', NULL, NULL),
(63, 20, 3, NULL, 2, '2023-11-06 07:00:00', NULL, NULL),
(64, 21, 3, NULL, 2, '2023-11-06 07:00:00', NULL, NULL),
(65, 22, 3, NULL, 2, '2023-11-06 07:00:00', NULL, NULL),
(66, 23, 3, NULL, 2, '2023-11-06 07:00:00', NULL, NULL),
(67, 1, 4, NULL, 2, '2023-11-06 07:00:00', NULL, NULL),
(68, 2, 4, NULL, 2, '2023-11-06 07:00:00', NULL, NULL),
(69, 3, 4, NULL, 2, '2023-11-06 07:00:00', NULL, NULL),
(70, 4, 4, NULL, 2, '2023-11-06 07:00:00', NULL, NULL),
(71, 5, 4, NULL, 2, '2023-11-06 07:00:00', NULL, NULL),
(72, 6, 4, NULL, 2, '2023-11-06 07:00:00', NULL, NULL),
(73, 7, 4, NULL, 2, '2023-11-06 07:00:00', NULL, NULL),
(74, 8, 4, NULL, 2, '2023-11-06 07:00:00', NULL, NULL),
(75, 9, 4, NULL, 2, '2023-11-06 07:00:00', NULL, NULL),
(76, 10, 4, NULL, 2, '2023-11-06 07:00:00', NULL, NULL),
(77, 12, 4, NULL, 2, '2023-11-06 07:00:00', NULL, NULL),
(78, 13, 4, NULL, 2, '2023-11-06 07:00:00', NULL, NULL),
(79, 14, 4, NULL, 2, '2023-11-06 07:00:00', NULL, NULL),
(80, 15, 4, NULL, 2, '2023-11-06 07:00:00', NULL, NULL),
(81, 16, 4, NULL, 2, '2023-11-06 07:00:00', NULL, NULL),
(82, 17, 4, NULL, 2, '2023-11-06 07:00:00', NULL, NULL),
(83, 18, 4, NULL, 2, '2023-11-06 07:00:00', NULL, NULL),
(84, 19, 4, NULL, 2, '2023-11-06 07:00:00', NULL, NULL),
(85, 20, 4, NULL, 2, '2023-11-06 07:00:00', NULL, NULL),
(86, 21, 4, NULL, 2, '2023-11-06 07:00:00', NULL, NULL),
(87, 22, 4, NULL, 2, '2023-11-06 07:00:00', NULL, NULL),
(88, 23, 4, NULL, 2, '2023-11-06 07:00:00', NULL, NULL),
(89, 1, 5, NULL, 2, '2023-11-06 07:00:00', NULL, NULL),
(90, 2, 5, NULL, 2, '2023-11-06 07:00:00', NULL, NULL),
(91, 3, 5, NULL, 2, '2023-11-06 07:00:00', NULL, NULL),
(92, 4, 5, NULL, 2, '2023-11-06 07:00:00', NULL, NULL),
(93, 5, 5, NULL, 2, '2023-11-06 07:00:00', NULL, NULL),
(94, 6, 5, NULL, 2, '2023-11-06 07:00:00', NULL, NULL),
(95, 7, 5, NULL, 2, '2023-11-06 07:00:00', NULL, NULL),
(96, 8, 5, NULL, 2, '2023-11-06 07:00:00', NULL, NULL),
(97, 9, 5, NULL, 2, '2023-11-06 07:00:00', NULL, NULL),
(98, 10, 5, NULL, 2, '2023-11-06 07:00:00', NULL, NULL),
(99, 12, 5, NULL, 2, '2023-11-06 07:00:00', NULL, NULL),
(100, 13, 5, NULL, 2, '2023-11-06 07:00:00', NULL, NULL),
(101, 14, 5, NULL, 2, '2023-11-06 07:00:00', NULL, NULL),
(102, 15, 5, NULL, 2, '2023-11-06 07:00:00', NULL, NULL),
(103, 16, 5, NULL, 2, '2023-11-06 07:00:00', NULL, NULL),
(104, 17, 5, NULL, 2, '2023-11-06 07:00:00', NULL, NULL),
(105, 18, 5, NULL, 2, '2023-11-06 07:00:00', NULL, NULL),
(106, 19, 5, NULL, 2, '2023-11-06 07:00:00', NULL, NULL),
(107, 20, 5, NULL, 2, '2023-11-06 07:00:00', NULL, NULL),
(108, 21, 5, NULL, 2, '2023-11-06 07:00:00', NULL, NULL),
(109, 22, 5, NULL, 2, '2023-11-06 07:00:00', NULL, NULL),
(110, 23, 5, NULL, 2, '2023-11-06 07:00:00', NULL, NULL),
(111, 1, 6, NULL, 2, '2023-11-06 07:00:00', NULL, NULL),
(112, 2, 6, NULL, 2, '2023-11-06 07:00:00', NULL, NULL),
(113, 3, 6, NULL, 2, '2023-11-06 07:00:00', NULL, NULL),
(114, 4, 6, NULL, 2, '2023-11-06 07:00:00', NULL, NULL),
(115, 5, 6, NULL, 2, '2023-11-06 07:00:00', NULL, NULL),
(116, 6, 6, NULL, 2, '2023-11-06 07:00:00', NULL, NULL),
(117, 7, 6, NULL, 2, '2023-11-06 07:00:00', NULL, NULL),
(118, 8, 6, NULL, 2, '2023-11-06 07:00:00', NULL, NULL),
(119, 9, 6, NULL, 2, '2023-11-06 07:00:00', NULL, NULL),
(120, 10, 6, NULL, 2, '2023-11-06 07:00:00', NULL, NULL),
(121, 12, 6, NULL, 2, '2023-11-06 07:00:00', NULL, NULL),
(122, 13, 6, NULL, 2, '2023-11-06 07:00:00', NULL, NULL),
(123, 14, 6, NULL, 2, '2023-11-06 07:00:00', NULL, NULL),
(124, 15, 6, NULL, 2, '2023-11-06 07:00:00', NULL, NULL),
(125, 16, 6, NULL, 2, '2023-11-06 07:00:00', NULL, NULL),
(126, 17, 6, NULL, 2, '2023-11-06 07:00:00', NULL, NULL),
(127, 18, 6, NULL, 2, '2023-11-06 07:00:00', NULL, NULL),
(128, 19, 6, NULL, 2, '2023-11-06 07:00:00', NULL, NULL),
(129, 20, 6, NULL, 2, '2023-11-06 07:00:00', NULL, NULL),
(130, 21, 6, NULL, 2, '2023-11-06 07:00:00', NULL, NULL),
(131, 22, 6, NULL, 2, '2023-11-06 07:00:00', NULL, NULL),
(132, 23, 6, NULL, 2, '2023-11-06 07:00:00', NULL, NULL),
(133, 1, 7, NULL, 2, '2023-11-06 07:00:00', NULL, NULL),
(134, 2, 7, NULL, 2, '2023-11-06 07:00:00', NULL, NULL),
(135, 3, 7, NULL, 2, '2023-11-06 07:00:00', NULL, NULL),
(136, 4, 7, NULL, 2, '2023-11-06 07:00:00', NULL, NULL),
(137, 5, 7, NULL, 2, '2023-11-06 07:00:00', NULL, NULL),
(138, 6, 7, NULL, 2, '2023-11-06 07:00:00', NULL, NULL),
(139, 7, 7, NULL, 2, '2023-11-06 07:00:00', NULL, NULL),
(140, 8, 7, NULL, 2, '2023-11-06 07:00:00', NULL, NULL),
(141, 9, 7, NULL, 2, '2023-11-06 07:00:00', NULL, NULL),
(142, 10, 7, NULL, 2, '2023-11-06 07:00:00', NULL, NULL),
(143, 12, 7, NULL, 2, '2023-11-06 07:00:00', NULL, NULL),
(144, 13, 7, NULL, 2, '2023-11-06 07:00:00', NULL, NULL),
(145, 14, 7, NULL, 2, '2023-11-06 07:00:00', NULL, NULL),
(146, 15, 7, NULL, 2, '2023-11-06 07:00:00', NULL, NULL),
(147, 16, 7, NULL, 2, '2023-11-06 07:00:00', NULL, NULL),
(148, 17, 7, NULL, 2, '2023-11-06 07:00:00', NULL, NULL),
(149, 18, 7, NULL, 2, '2023-11-06 07:00:00', NULL, NULL),
(150, 19, 7, NULL, 2, '2023-11-06 07:00:00', NULL, NULL),
(151, 20, 7, NULL, 2, '2023-11-06 07:00:00', NULL, NULL),
(152, 21, 7, NULL, 2, '2023-11-06 07:00:00', NULL, NULL),
(153, 22, 7, NULL, 2, '2023-11-06 07:00:00', NULL, NULL),
(154, 23, 7, NULL, 2, '2023-11-06 07:00:00', NULL, NULL),
(155, 1, 8, NULL, 2, '2023-11-06 07:00:00', NULL, NULL),
(156, 2, 8, NULL, 2, '2023-11-06 07:00:00', NULL, NULL),
(157, 3, 8, NULL, 2, '2023-11-06 07:00:00', NULL, NULL),
(158, 4, 8, NULL, 2, '2023-11-06 07:00:00', NULL, NULL),
(159, 5, 8, NULL, 2, '2023-11-06 07:00:00', NULL, NULL),
(160, 6, 8, NULL, 2, '2023-11-06 07:00:00', NULL, NULL),
(161, 7, 8, NULL, 2, '2023-11-06 07:00:00', NULL, NULL),
(162, 8, 8, NULL, 2, '2023-11-06 07:00:00', NULL, NULL),
(163, 9, 8, NULL, 2, '2023-11-06 07:00:00', NULL, NULL),
(164, 10, 8, NULL, 2, '2023-11-06 07:00:00', NULL, NULL),
(165, 12, 8, NULL, 2, '2023-11-06 07:00:00', NULL, NULL),
(166, 13, 8, NULL, 2, '2023-11-06 07:00:00', NULL, NULL),
(167, 14, 8, NULL, 2, '2023-11-06 07:00:00', NULL, NULL),
(168, 15, 8, NULL, 2, '2023-11-06 07:00:00', NULL, NULL),
(169, 16, 8, NULL, 2, '2023-11-06 07:00:00', NULL, NULL),
(170, 17, 8, NULL, 2, '2023-11-06 07:00:00', NULL, NULL),
(171, 18, 8, NULL, 2, '2023-11-06 07:00:00', NULL, NULL),
(172, 19, 8, NULL, 2, '2023-11-06 07:00:00', NULL, NULL),
(173, 20, 8, NULL, 2, '2023-11-06 07:00:00', NULL, NULL),
(174, 21, 8, NULL, 2, '2023-11-06 07:00:00', NULL, NULL),
(175, 22, 8, NULL, 2, '2023-11-06 07:00:00', NULL, NULL),
(176, 23, 8, NULL, 2, '2023-11-06 07:00:00', NULL, NULL),
(177, 2, 9, NULL, 2, '2023-11-06 07:00:00', NULL, NULL),
(178, 3, 9, NULL, 2, '2023-11-06 07:00:00', NULL, NULL),
(179, 4, 9, NULL, 2, '2023-11-06 07:00:00', NULL, NULL),
(180, 5, 9, NULL, 2, '2023-11-06 07:00:00', NULL, NULL),
(181, 6, 9, NULL, 2, '2023-11-06 07:00:00', NULL, NULL),
(182, 7, 9, NULL, 2, '2023-11-06 07:00:00', NULL, NULL),
(183, 8, 9, NULL, 2, '2023-11-06 07:00:00', NULL, NULL),
(184, 9, 9, NULL, 2, '2023-11-06 07:00:00', NULL, NULL),
(185, 12, 9, NULL, 2, '2023-11-06 07:00:00', NULL, NULL),
(186, 13, 9, NULL, 2, '2023-11-06 07:00:00', NULL, NULL),
(187, 14, 9, NULL, 2, '2023-11-06 07:00:00', NULL, NULL),
(188, 21, 9, NULL, 2, '2023-11-06 07:00:00', NULL, NULL),
(189, 22, 9, NULL, 2, '2023-11-06 07:00:00', NULL, NULL),
(190, 23, 9, NULL, 2, '2023-11-06 07:00:00', NULL, NULL),
(205, 2, 11, NULL, 2, '2023-11-06 07:00:00', NULL, NULL),
(206, 3, 11, NULL, 2, '2023-11-06 07:00:00', NULL, NULL),
(207, 4, 11, NULL, 2, '2023-11-06 07:00:00', NULL, NULL),
(208, 5, 11, NULL, 2, '2023-11-06 07:00:00', NULL, NULL),
(209, 6, 11, NULL, 2, '2023-11-06 07:00:00', NULL, NULL),
(210, 7, 11, NULL, 2, '2023-11-06 07:00:00', NULL, NULL),
(211, 8, 11, NULL, 2, '2023-11-06 07:00:00', NULL, NULL),
(212, 9, 11, NULL, 2, '2023-11-06 07:00:00', NULL, NULL),
(213, 12, 11, NULL, 2, '2023-11-06 07:00:00', NULL, NULL),
(214, 13, 11, NULL, 2, '2023-11-06 07:00:00', NULL, NULL),
(215, 14, 11, NULL, 2, '2023-11-06 07:00:00', NULL, NULL),
(216, 21, 11, NULL, 2, '2023-11-06 07:00:00', NULL, NULL),
(217, 22, 11, NULL, 2, '2023-11-06 07:00:00', NULL, NULL),
(218, 23, 11, NULL, 2, '2023-11-06 07:00:00', NULL, NULL),
(219, 2, 12, NULL, 2, '2023-11-06 07:00:00', NULL, NULL),
(220, 3, 12, NULL, 2, '2023-11-06 07:00:00', NULL, NULL),
(221, 4, 12, NULL, 2, '2023-11-06 07:00:00', NULL, NULL),
(222, 5, 12, NULL, 2, '2023-11-06 07:00:00', NULL, NULL),
(223, 6, 12, NULL, 2, '2023-11-06 07:00:00', NULL, NULL),
(224, 7, 12, NULL, 2, '2023-11-06 07:00:00', NULL, NULL),
(225, 8, 12, NULL, 2, '2023-11-06 07:00:00', NULL, NULL),
(226, 9, 12, NULL, 2, '2023-11-06 07:00:00', NULL, NULL),
(227, 12, 12, NULL, 2, '2023-11-06 07:00:00', NULL, NULL),
(228, 13, 12, NULL, 2, '2023-11-06 07:00:00', NULL, NULL),
(229, 14, 12, NULL, 2, '2023-11-06 07:00:00', NULL, NULL),
(230, 21, 12, NULL, 2, '2023-11-06 07:00:00', NULL, NULL),
(231, 22, 12, NULL, 2, '2023-11-06 07:00:00', NULL, NULL),
(232, 23, 12, NULL, 2, '2023-11-06 07:00:00', NULL, NULL),
(275, 1, 1, NULL, 105, '2023-12-07 23:40:03', NULL, NULL),
(276, 2, 1, NULL, 105, '2023-12-07 23:40:03', NULL, NULL),
(277, 3, 1, NULL, 105, '2023-12-07 23:40:03', NULL, NULL),
(291, 2, 10, NULL, 105, '2023-12-21 22:51:17', NULL, NULL),
(292, 3, 10, NULL, 105, '2023-12-21 22:51:17', NULL, NULL),
(293, 4, 10, NULL, 105, '2023-12-21 22:51:17', NULL, NULL),
(294, 5, 10, NULL, 105, '2023-12-21 22:51:17', NULL, NULL),
(295, 6, 10, NULL, 105, '2023-12-21 22:51:17', NULL, NULL),
(296, 7, 10, NULL, 105, '2023-12-21 22:51:17', NULL, NULL),
(297, 8, 10, NULL, 105, '2023-12-21 22:51:17', NULL, NULL),
(298, 9, 10, NULL, 105, '2023-12-21 22:51:17', NULL, NULL),
(299, 12, 10, NULL, 105, '2023-12-21 22:51:17', NULL, NULL),
(300, 13, 10, NULL, 105, '2023-12-21 22:51:17', NULL, NULL),
(301, 14, 10, NULL, 105, '2023-12-21 22:51:17', NULL, NULL),
(302, 21, 10, NULL, 105, '2023-12-21 22:51:17', NULL, NULL),
(303, 22, 10, NULL, 105, '2023-12-21 22:51:17', NULL, NULL),
(304, 23, 10, NULL, 105, '2023-12-21 22:51:17', NULL, NULL);

-- --------------------------------------------------------

--
-- Table structure for table `t_rel_csa_indicator`
--

CREATE TABLE `t_rel_csa_indicator` (
  `t_rel_csa_indicator_id` int(11) NOT NULL,
  `t_rel_csa_master_id` int(11) NOT NULL,
  `name` varchar(100) NOT NULL,
  `created_by` int(11) NOT NULL,
  `created_at` timestamp NOT NULL DEFAULT current_timestamp(),
  `updated_by` int(11) DEFAULT NULL,
  `updated_at` timestamp NULL DEFAULT NULL ON UPDATE current_timestamp()
) ENGINE=InnoDB DEFAULT CHARSET=utf8mb4 COLLATE=utf8mb4_general_ci;

--
-- Dumping data for table `t_rel_csa_indicator`
--

INSERT INTO `t_rel_csa_indicator` (`t_rel_csa_indicator_id`, `t_rel_csa_master_id`, `name`, `created_by`, `created_at`, `updated_by`, `updated_at`) VALUES
(1, 1, 'Demonstrates accuracy & balance', 1, '2023-06-18 13:00:00', NULL, NULL),
(2, 1, 'Demonstrates agility and coordination', 1, '2023-06-18 13:00:00', NULL, NULL),
(3, 1, 'Displays high levels of skills', 1, '2023-06-18 13:00:00', NULL, NULL),
(4, 1, 'Displays standard technical skills pertaining to the chosen activity', 1, '2023-06-18 13:00:00', NULL, NULL),
(5, 1, 'Needs to improve by sincere effort', 1, '2023-06-18 13:00:00', NULL, NULL),
(6, 1, 'Needs to attend class regularly', 1, '2023-06-18 13:00:00', NULL, NULL),
(7, 1, 'Shows interest', 1, '2023-06-18 13:00:00', NULL, NULL),
(8, 2, 'Demonstrates agility & coordination', 1, '2023-06-18 13:00:00', NULL, NULL),
(9, 2, 'Displays standard technical skills pertaining to the chosen activity', 1, '2023-06-18 13:00:00', NULL, NULL),
(10, 2, 'Follows all safety norms', 1, '2023-06-18 13:00:00', NULL, NULL),
(11, 2, 'Has correct and controlled breathing', 1, '2023-06-18 13:00:00', NULL, NULL),
(12, 2, 'Needs to improve by sincere effort', 1, '2023-06-18 13:00:00', NULL, NULL),
(13, 2, 'Needs to attend class regularly', 1, '2023-06-18 13:00:00', NULL, NULL),
(14, 2, 'Shows interest', 1, '2023-06-18 13:00:00', NULL, NULL),
(15, 3, 'Displays high levels of skills', 1, '2023-06-18 13:00:00', NULL, NULL),
(16, 3, 'Demonstrates agility & coordination', 1, '2023-06-18 13:00:00', NULL, NULL),
(17, 3, 'Demonstrates endurance & power', 1, '2023-06-18 13:00:00', NULL, NULL),
(18, 3, 'Demonstrates sportsmanship & team spirit', 1, '2023-06-18 13:00:00', NULL, NULL),
(19, 3, 'Is disciplined on and off the field', 1, '2023-06-18 13:00:00', NULL, NULL),
(20, 3, 'Displays speed and flexibility', 1, '2023-06-18 13:00:00', NULL, NULL),
(21, 3, 'Has leadership qualities', 1, '2023-06-18 13:00:00', NULL, NULL),
(22, 3, 'Needs to improve by sincere effort', 1, '2023-06-18 13:00:00', NULL, NULL),
(23, 3, 'Needs to attend class regularly', 1, '2023-06-18 13:00:00', NULL, NULL),
(24, 3, 'Shows interest', 1, '2023-06-18 13:00:00', NULL, NULL),
(25, 4, 'Demonstrates agility & coordination', 1, '2023-06-18 13:00:00', NULL, NULL),
(26, 4, 'Demonstrates endurance & power', 1, '2023-06-18 13:00:00', NULL, NULL),
(27, 4, 'Demonstrates sportsmanship & team spirit', 1, '2023-06-18 13:00:00', NULL, NULL),
(28, 4, 'Displays speed and flexibility', 1, '2023-06-18 13:00:00', NULL, NULL),
(29, 4, 'Is disciplined on and off the field', 1, '2023-06-18 13:00:00', NULL, NULL),
(30, 4, 'Has correct posture', 1, '2023-06-18 13:00:00', NULL, NULL),
(31, 4, 'Has leadership qualities', 1, '2023-06-18 13:00:00', NULL, NULL),
(32, 4, 'Needs to improve by sincere effort', 1, '2023-06-18 13:00:00', NULL, NULL),
(33, 4, 'Needs to attend class regularly', 1, '2023-06-18 13:00:00', NULL, NULL),
(34, 4, 'Shows interest', 1, '2023-06-18 13:00:00', NULL, NULL),
(35, 5, 'Demonstrates agility & coordination', 1, '2023-06-18 13:00:00', NULL, NULL),
(36, 5, 'Demonstrates endurance & power', 1, '2023-06-18 13:00:00', NULL, NULL),
(37, 5, 'Demonstrates sportsmanship & team spirit', 1, '2023-06-18 13:00:00', NULL, NULL),
(38, 5, 'Displays speed and flexibility', 1, '2023-06-18 13:00:00', NULL, NULL),
(39, 5, 'Has correct posture', 1, '2023-06-18 13:00:00', NULL, NULL),
(40, 5, 'Has leadership qualities', 1, '2023-06-18 13:00:00', NULL, NULL),
(41, 5, 'Needs to improve by sincere effort', 1, '2023-06-18 13:00:00', NULL, NULL),
(42, 5, 'Needs to attend class regularly', 1, '2023-06-18 13:00:00', NULL, NULL),
(43, 5, 'Shows interest', 1, '2023-06-18 13:00:00', NULL, NULL),
(44, 6, 'Demonstrates agility & coordination', 1, '2023-06-18 13:00:00', NULL, NULL),
(45, 6, 'Demonstrates endurance & power', 1, '2023-06-18 13:00:00', NULL, NULL),
(46, 6, 'Demonstrates sportsmanship & team spirit', 1, '2023-06-18 13:00:00', NULL, NULL),
(47, 6, 'Displays speed and flexibility', 1, '2023-06-18 13:00:00', NULL, NULL),
(48, 6, 'Has correct and controlled breathing', 1, '2023-06-18 13:00:00', NULL, NULL),
(49, 6, 'Has correct posture', 1, '2023-06-18 13:00:00', NULL, NULL),
(50, 6, 'Has leadership qualities', 1, '2023-06-18 13:00:00', NULL, NULL),
(51, 6, 'Needs to improve by sincere effort', 1, '2023-06-18 13:00:00', NULL, NULL),
(52, 6, 'Needs to attend class regularly', 1, '2023-06-18 13:00:00', NULL, NULL),
(53, 6, 'Shows interest', 1, '2023-06-18 13:00:00', NULL, NULL),
(54, 7, 'Demonstrates agility & coordination', 1, '2023-06-18 13:00:00', NULL, NULL),
(55, 7, 'Demonstrates endurance & power', 1, '2023-06-18 13:00:00', NULL, NULL),
(56, 7, 'Displays high levels of skills', 1, '2023-06-18 13:00:00', NULL, NULL),
(57, 7, 'Displays speed and flexibility', 1, '2023-06-18 13:00:00', NULL, NULL),
(58, 7, 'Has correct and controlled breathing', 1, '2023-06-18 13:00:00', NULL, NULL),
(59, 7, 'Has correct posture', 1, '2023-06-18 13:00:00', NULL, NULL),
(60, 7, 'Needs to improve by sincere effort', 1, '2023-06-18 13:00:00', NULL, NULL),
(61, 7, 'Needs to attend class regularly', 1, '2023-06-18 13:00:00', NULL, NULL),
(62, 7, 'Shows interest', 1, '2023-06-18 13:00:00', NULL, NULL),
(63, 8, 'Demonstrates agility & coordination', 1, '2023-06-18 13:00:00', NULL, NULL),
(64, 8, 'Demonstrates endurance & power', 1, '2023-06-18 13:00:00', NULL, NULL),
(65, 8, 'Demonstrates sportsmanship & team spirit', 1, '2023-06-18 13:00:00', NULL, NULL),
(66, 8, 'Displays high levels of skills.', 1, '2023-06-18 13:00:00', NULL, NULL),
(67, 8, 'Displays speed and flexibility.', 1, '2023-06-18 13:00:00', NULL, NULL),
(68, 8, 'Follows all safety norms.', 1, '2023-06-18 13:00:00', NULL, NULL),
(69, 8, 'Has correct posture.', 1, '2023-06-18 13:00:00', NULL, NULL),
(70, 8, 'Needs to improve by sincere effort', 1, '2023-06-18 13:00:00', NULL, NULL),
(71, 8, 'Needs to attend class regularly', 1, '2023-06-18 13:00:00', NULL, NULL),
(72, 8, 'Shows interest', 1, '2023-06-18 13:00:00', NULL, NULL),
(73, 9, 'Demonstrates agility & coordination', 1, '2023-06-18 13:00:00', NULL, NULL),
(74, 9, 'Demonstrates endurance & power', 1, '2023-06-18 13:00:00', NULL, NULL),
(75, 9, 'Demonstrates sportsmanship & team spirit', 1, '2023-06-18 13:00:00', NULL, NULL),
(76, 9, 'Displays speed and flexibility.', 1, '2023-06-18 13:00:00', NULL, NULL),
(77, 9, 'Displays high levels of skills.', 1, '2023-06-18 13:00:00', NULL, NULL),
(78, 9, 'Needs to improve by sincere effort', 1, '2023-06-18 13:00:00', NULL, NULL),
(79, 9, 'Needs to attend class regularly', 1, '2023-06-18 13:00:00', NULL, NULL),
(80, 9, 'Shows interest', 1, '2023-06-18 13:00:00', NULL, NULL),
(81, 10, 'Displays high levels of skills.', 1, '2023-06-18 13:00:00', NULL, NULL),
(82, 10, 'Demonstrates agility & coordination', 1, '2023-06-18 13:00:00', NULL, NULL),
(83, 10, 'Demonstrates endurance & power', 1, '2023-06-18 13:00:00', NULL, NULL),
(84, 10, 'Demonstrates sportsmanship & team spirit', 1, '2023-06-18 13:00:00', NULL, NULL),
(85, 10, 'Displays speed and flexibility.', 1, '2023-06-18 13:00:00', NULL, NULL),
(86, 10, 'Has leadership qualities.', 1, '2023-06-18 13:00:00', NULL, NULL),
(87, 10, 'Needs to improve by sincere effort', 1, '2023-06-18 13:00:00', NULL, NULL),
(88, 10, 'Needs to attend class regularly', 1, '2023-06-18 13:00:00', NULL, NULL),
(89, 10, 'Shows interest', 1, '2023-06-18 13:00:00', NULL, NULL),
(90, 11, 'Displays high levels of skills.', 1, '2023-06-18 13:00:00', NULL, NULL),
(91, 11, 'Demonstrates agility & coordination', 1, '2023-06-18 13:00:00', NULL, NULL),
(92, 11, 'Demonstrates endurance & power', 1, '2023-06-18 13:00:00', NULL, NULL),
(93, 11, 'Demonstrates sportsmanship & team spirit', 1, '2023-06-18 13:00:00', NULL, NULL),
(94, 11, 'Displays speed and flexibility.', 1, '2023-06-18 13:00:00', NULL, NULL),
(95, 11, 'Has good motor skills and is able to do elementary movements', 1, '2023-06-18 13:00:00', NULL, NULL),
(96, 11, 'Needs to improve by sincere effort', 1, '2023-06-18 13:00:00', NULL, NULL),
(97, 11, 'Needs to attend class regularly', 1, '2023-06-18 13:00:00', NULL, NULL),
(98, 11, 'Has leadership qualities.', 1, '2023-06-18 13:00:00', NULL, NULL),
(99, 11, 'Shows interest', 1, '2023-06-18 13:00:00', NULL, NULL),
(100, 12, 'Displays high levels of skills.', 1, '2023-06-18 13:00:00', NULL, NULL),
(101, 12, 'Has correct posture.', 1, '2023-06-18 13:00:00', NULL, NULL),
(102, 12, 'Demonstrates agility & coordination', 1, '2023-06-18 13:00:00', NULL, NULL),
(103, 12, 'Demonstrates endurance & power', 1, '2023-06-18 13:00:00', NULL, NULL),
(104, 12, 'Displays speed and flexibility.', 1, '2023-06-18 13:00:00', NULL, NULL),
(105, 12, 'Needs to improve by sincere effort', 1, '2023-06-18 13:00:00', NULL, NULL),
(106, 12, 'Needs to attend class regularly', 1, '2023-06-18 13:00:00', NULL, NULL),
(107, 12, 'Shows interest', 1, '2023-06-18 13:00:00', NULL, NULL),
(108, 13, 'Demonstrates agility & coordination', 1, '2023-06-18 13:00:00', NULL, NULL),
(109, 13, 'Demonstrates endurance & power', 1, '2023-06-18 13:00:00', NULL, NULL),
(110, 13, 'Follows all safety norms.', 1, '2023-06-18 13:00:00', NULL, NULL),
(111, 13, 'Displays speed and flexibility.', 1, '2023-06-18 13:00:00', NULL, NULL),
(112, 13, 'Needs to improve by sincere effort', 1, '2023-06-18 13:00:00', NULL, NULL),
(113, 13, 'Needs to attend class regularly', 1, '2023-06-18 13:00:00', NULL, NULL),
(114, 13, 'Displays high levels of skills.', 1, '2023-06-18 13:00:00', NULL, NULL),
(115, 13, 'Shows interest', 1, '2023-06-18 13:00:00', NULL, NULL),
(116, 14, 'Displays high levels of skills.', 1, '2023-06-18 13:00:00', NULL, NULL),
(117, 14, 'Follows all safety norms.', 1, '2023-06-18 13:00:00', NULL, NULL),
(118, 14, 'Has correct and controlled breathing.', 1, '2023-06-18 13:00:00', NULL, NULL),
(119, 14, 'Has correct posture.', 1, '2023-06-18 13:00:00', NULL, NULL),
(120, 14, 'Is able to relax competely during exercises.', 1, '2023-06-18 13:00:00', NULL, NULL),
(121, 14, 'Is able to remain calm and concentrated for a period of time', 1, '2023-06-18 13:00:00', NULL, NULL),
(122, 14, 'Needs to improve by sincere effort', 1, '2023-06-18 13:00:00', NULL, NULL),
(123, 14, 'Needs to attend class regularly', 1, '2023-06-18 13:00:00', NULL, NULL),
(124, 14, 'Shows interest', 1, '2023-06-18 13:00:00', NULL, NULL),
(125, 15, 'Has patience and mental strength.', 1, '2023-06-18 13:00:00', NULL, NULL),
(126, 15, 'Has logical sense.', 1, '2023-06-18 13:00:00', NULL, NULL),
(127, 15, 'Is proficient in tactics and calculations.', 1, '2023-06-18 13:00:00', NULL, NULL),
(128, 15, 'Is proficient in openings and endings.', 1, '2023-06-18 13:00:00', NULL, NULL),
(129, 15, 'Needs to improve by sincere efforts.', 1, '2023-06-18 13:00:00', NULL, NULL),
(130, 15, 'Needs to attend classes regularly.', 1, '2023-06-18 13:00:00', NULL, NULL),
(131, 15, 'Shows interest', 1, '2023-06-18 13:00:00', NULL, NULL),
(132, 16, 'Shows awareness of the modulations of the instrument.', 1, '2023-06-18 13:00:00', NULL, NULL),
(133, 16, 'Is able to play a tune without any help.', 1, '2023-06-18 13:00:00', NULL, NULL),
(134, 16, 'Is able to maintain the correct posture while playing.', 1, '2023-06-18 13:00:00', NULL, NULL),
(135, 16, 'Displays commitment and responsibility towards a task.', 1, '2023-06-18 13:00:00', NULL, NULL),
(136, 16, 'Needs to improve by sincere efforts.', 1, '2023-06-18 13:00:00', NULL, NULL),
(137, 16, 'Needs to attend classes regularly.', 1, '2023-06-18 13:00:00', NULL, NULL),
(138, 16, 'Shows interest', 1, '2023-06-18 13:00:00', NULL, NULL),
(139, 17, 'Is able to hold the instrument properly.', 1, '2023-06-18 13:00:00', NULL, NULL),
(140, 17, 'Is able to bow the instrument properly.', 1, '2023-06-18 13:00:00', NULL, NULL),
(141, 17, 'Is able to play a tune without any help.', 1, '2023-06-18 13:00:00', NULL, NULL),
(142, 17, 'Is able to maintain the correct posture while playing.', 1, '2023-06-18 13:00:00', NULL, NULL),
(143, 17, 'Displays commitment and responsibility towards a task.', 1, '2023-06-18 13:00:00', NULL, NULL),
(144, 17, 'Needs to improve by sincere efforts.', 1, '2023-06-18 13:00:00', NULL, NULL),
(145, 17, 'Needs to attend classes regularly.', 1, '2023-06-18 13:00:00', NULL, NULL),
(146, 17, 'Shows interest', 1, '2023-06-18 13:00:00', NULL, NULL),
(147, 18, 'Proficient in subject knowledge', 1, '2023-06-18 13:00:00', NULL, NULL),
(148, 18, 'Application of artistic sense', 1, '2023-06-18 13:00:00', NULL, NULL),
(149, 18, 'Is able to express ideas/thoughts creatively', 1, '2023-06-18 13:00:00', NULL, NULL),
(150, 18, 'Displays commitment and responsibility towards tasks.', 1, '2023-06-18 13:00:00', NULL, NULL),
(151, 18, 'Needs to improve by sincere efforts.', 1, '2023-06-18 13:00:00', NULL, NULL),
(152, 18, 'Needs to attend classes regularly.', 1, '2023-06-18 13:00:00', NULL, NULL),
(153, 18, 'Hand-eye coordination is well developed', 1, '2023-06-18 13:00:00', NULL, NULL),
(154, 18, 'Shows interest', 1, '2023-06-18 13:00:00', NULL, NULL),
(155, 19, 'Has a melodious voice with required pitch.', 1, '2023-06-18 13:00:00', NULL, NULL),
(156, 19, 'Is able to sing in tune with expression and with proper dynamics.', 1, '2023-06-18 13:00:00', NULL, NULL),
(157, 19, 'Is able to sing with proper diction and clarity.', 1, '2023-06-18 13:00:00', NULL, NULL),
(158, 19, 'Is able to perform with ease and confidence', 1, '2023-06-18 13:00:00', NULL, NULL),
(159, 19, 'Needs to improve by sincere efforts.', 1, '2023-06-18 13:00:00', NULL, NULL),
(160, 19, 'Needs to attend classes regularly.', 1, '2023-06-18 13:00:00', NULL, NULL),
(161, 19, 'Shows interest', 1, '2023-06-18 13:00:00', NULL, NULL),
(162, 20, 'Is fluent in expressing thoughts and ideas ', 1, '2023-06-18 13:00:00', NULL, NULL),
(163, 20, 'Has correct pronunciation and diction', 1, '2023-06-18 13:00:00', NULL, NULL),
(164, 20, 'Uses grammatical language', 1, '2023-06-18 13:00:00', NULL, NULL),
(165, 20, 'Is creative in thoughts and ideas', 1, '2023-06-18 13:00:00', NULL, NULL),
(166, 20, 'Is able to perform with poise and confidence', 1, '2023-06-18 13:00:00', NULL, NULL),
(167, 20, 'Needs to improve by sincere efforts.', 1, '2023-06-18 13:00:00', NULL, NULL),
(168, 20, 'Needs to attend classes regularly.', 1, '2023-06-18 13:00:00', NULL, NULL),
(169, 20, 'Shows interest', 1, '2023-06-18 13:00:00', NULL, NULL),
(170, 21, 'Displays high levels of skills', 2, '2023-09-20 10:54:10', NULL, NULL),
(171, 21, 'Has grace and correct posture', 2, '2023-09-20 10:54:10', NULL, NULL),
(172, 21, 'Demonstrates agility and coordination', 2, '2023-09-20 10:54:10', NULL, NULL),
(173, 21, 'Needs to improve by sincere effort', 2, '2023-09-20 10:54:10', NULL, NULL),
(174, 21, 'Needs to attend class regularly', 2, '2023-09-20 10:54:10', NULL, NULL),
(175, 21, 'Has sense of rhythm', 2, '2023-09-20 10:54:10', NULL, NULL),
(176, 21, 'Is disciplined and hardworking/ sincere', 2, '2023-09-20 10:54:10', NULL, NULL),
(177, 21, 'Shows interest', 2, '2023-09-20 10:54:10', NULL, NULL),
(185, 22, 'Demonstrates understanding of basic hardware operations', 2, '2023-09-20 10:54:56', NULL, NULL),
(186, 22, 'Demonstrates problem solving skills', 2, '2023-09-20 10:54:56', NULL, NULL),
(187, 22, 'Ability to apply coding principles and guidelines', 2, '2023-09-20 10:54:56', NULL, NULL),
(188, 22, 'Ability to debug and troubleshoot problems', 2, '2023-09-20 10:54:56', NULL, NULL),
(189, 22, 'Adapts to new challenges', 2, '2023-09-20 10:54:56', NULL, NULL),
(190, 22, 'Shows interest', 2, '2023-09-20 10:54:56', NULL, NULL),
(192, 23, 'Displays speed and Flexibility', 2, '2023-09-20 10:55:35', NULL, NULL),
(193, 23, 'Is disciplined on and off field', 2, '2023-09-20 10:55:35', NULL, NULL),
(194, 23, 'Demonstrates endurance & stamina', 2, '2023-09-20 10:55:35', NULL, NULL),
(195, 23, 'Needs to improve by sincere efforts.', 2, '2023-09-20 10:55:35', NULL, NULL),
(196, 23, 'Needs to attend classes regularly.', 2, '2023-09-20 10:55:35', NULL, NULL),
(197, 23, 'Shows interest', 2, '2023-09-20 10:55:35', NULL, NULL);

-- --------------------------------------------------------

--
-- Table structure for table `t_rel_csa_master`
--

CREATE TABLE `t_rel_csa_master` (
  `t_rel_csa_master_id` int(11) NOT NULL,
  `t_mst_client_id` int(11) NOT NULL,
  `name` varchar(100) NOT NULL,
  `created_by` int(11) NOT NULL,
  `created_at` timestamp NOT NULL DEFAULT current_timestamp(),
  `updated_by` int(11) DEFAULT NULL,
  `updated_at` timestamp NULL DEFAULT NULL ON UPDATE current_timestamp()
) ENGINE=InnoDB DEFAULT CHARSET=utf8mb4 COLLATE=utf8mb4_general_ci;

--
-- Dumping data for table `t_rel_csa_master`
--

INSERT INTO `t_rel_csa_master` (`t_rel_csa_master_id`, `t_mst_client_id`, `name`, `created_by`, `created_at`, `updated_by`, `updated_at`) VALUES
(1, 1, 'Mini Tennis', 2, '2023-06-18 13:00:00', NULL, '2023-06-18 23:45:23'),
(2, 1, 'Swimming', 2, '2023-06-18 13:00:00', NULL, '2023-06-18 23:45:23'),
(3, 1, 'Football', 2, '2023-06-18 13:00:00', NULL, '2023-06-18 23:45:23'),
(4, 1, 'Cricket', 2, '2023-06-18 13:00:00', NULL, '2023-06-18 23:45:23'),
(5, 1, 'Basketball', 2, '2023-06-18 13:00:00', NULL, '2023-06-18 23:45:23'),
(6, 1, 'Volleyball', 2, '2023-06-18 13:00:00', NULL, '2023-06-18 23:45:23'),
(7, 1, 'Table Tennis', 2, '2023-06-18 13:00:00', NULL, '2023-06-18 23:45:23'),
(8, 1, 'Karate', 2, '2023-06-18 13:00:00', NULL, '2023-06-18 23:45:23'),
(9, 1, 'Badminton', 2, '2023-06-18 13:00:00', NULL, '2023-06-18 23:45:23'),
(10, 1, 'Scouts', 2, '2023-06-18 13:00:00', NULL, '2023-06-18 23:45:23'),
(11, 1, 'Cub / Bulbul', 2, '2023-06-18 13:00:00', NULL, '2023-06-18 23:45:23'),
(12, 1, 'Eurhythmics', 2, '2023-06-18 13:00:00', NULL, '2023-06-18 23:45:23'),
(13, 1, 'Gymnastics', 2, '2023-06-18 13:00:00', NULL, '2023-06-18 23:45:23'),
(14, 1, 'Yoga', 2, '2023-06-18 13:00:00', NULL, '2023-06-18 23:45:23'),
(15, 1, 'Chess', 2, '2023-06-18 13:00:00', NULL, '2023-06-18 23:45:23'),
(16, 1, 'Synthesizer', 2, '2023-06-18 13:00:00', NULL, '2023-06-18 23:45:23'),
(17, 1, 'Violin', 2, '2023-06-18 13:00:00', NULL, '2023-06-18 23:45:23'),
(18, 1, 'Visual Art', 2, '2023-06-18 13:00:00', NULL, '2023-06-18 23:45:23'),
(19, 1, 'Western Vocal', 2, '2023-06-18 13:00:00', NULL, '2023-06-18 23:45:23'),
(20, 1, 'Expressions', 2, '2023-06-18 13:00:00', NULL, '2023-06-18 23:45:23'),
(21, 1, 'Contemporary Western Dance', 2, '2023-06-18 13:00:00', NULL, '2023-06-20 23:58:00'),
(22, 1, 'Robotics', 2, '2023-06-18 13:00:00', NULL, '2023-06-20 23:58:07'),
(23, 1, 'Athletics', 2, '2023-06-18 13:00:00', NULL, '2023-06-20 23:58:13');

-- --------------------------------------------------------

--
-- Table structure for table `t_rel_exam_category`
--

CREATE TABLE `t_rel_exam_category` (
  `t_rel_exam_category_id` int(11) NOT NULL,
  `t_mst_client_id` int(11) NOT NULL,
  `code` varchar(30) NOT NULL,
  `name` varchar(255) NOT NULL,
  `is_active` enum('y','n') NOT NULL DEFAULT 'y'
) ENGINE=InnoDB DEFAULT CHARSET=utf8mb4 COLLATE=utf8mb4_general_ci;

--
-- Dumping data for table `t_rel_exam_category`
--

INSERT INTO `t_rel_exam_category` (`t_rel_exam_category_id`, `t_mst_client_id`, `code`, `name`, `is_active`) VALUES
(1, 1, 'A', 'Academic', 'y'),
(2, 1, 'NA', 'Non-Academic', 'y');

-- --------------------------------------------------------

--
-- Table structure for table `t_rel_personal_attributes_class_tagging`
--

CREATE TABLE `t_rel_personal_attributes_class_tagging` (
  `t_rel_personal_attributes_class_tagging_id` int(11) NOT NULL,
  `t_rel_personal_attributes_indicator_id` int(11) NOT NULL,
  `t_rel_class_id` int(11) NOT NULL,
  `category` enum('Common','Thinking Skills','Social Skills','Emotional Skills') DEFAULT 'Common',
  `created_by` int(11) NOT NULL,
  `created_at` timestamp NOT NULL DEFAULT current_timestamp(),
  `updated_by` int(11) DEFAULT NULL,
  `updated_at` timestamp NULL DEFAULT NULL ON UPDATE current_timestamp()
) ENGINE=InnoDB DEFAULT CHARSET=utf8mb4 COLLATE=utf8mb4_general_ci;

--
-- Dumping data for table `t_rel_personal_attributes_class_tagging`
--

INSERT INTO `t_rel_personal_attributes_class_tagging` (`t_rel_personal_attributes_class_tagging_id`, `t_rel_personal_attributes_indicator_id`, `t_rel_class_id`, `category`, `created_by`, `created_at`, `updated_by`, `updated_at`) VALUES
(1, 1, 1, 'Common', 2, '0000-00-00 00:00:00', NULL, NULL),
(2, 2, 1, 'Common', 2, '0000-00-00 00:00:00', NULL, NULL),
(3, 3, 1, 'Common', 2, '0000-00-00 00:00:00', NULL, NULL),
(4, 4, 1, 'Common', 2, '0000-00-00 00:00:00', NULL, NULL),
(5, 5, 1, 'Common', 2, '0000-00-00 00:00:00', NULL, NULL),
(6, 6, 1, 'Common', 2, '0000-00-00 00:00:00', NULL, NULL),
(7, 7, 1, 'Common', 2, '0000-00-00 00:00:00', NULL, NULL),
(8, 8, 1, 'Common', 2, '0000-00-00 00:00:00', NULL, NULL),
(9, 9, 1, 'Common', 2, '0000-00-00 00:00:00', NULL, NULL),
(10, 10, 1, 'Common', 2, '0000-00-00 00:00:00', NULL, NULL),
(11, 11, 1, 'Common', 2, '0000-00-00 00:00:00', NULL, NULL),
(12, 12, 1, 'Common', 2, '0000-00-00 00:00:00', NULL, NULL),
(13, 13, 1, 'Common', 2, '0000-00-00 00:00:00', NULL, NULL),
(14, 14, 1, 'Common', 2, '0000-00-00 00:00:00', NULL, NULL),
(15, 15, 1, 'Common', 2, '0000-00-00 00:00:00', NULL, NULL),
(16, 16, 1, 'Common', 2, '0000-00-00 00:00:00', NULL, NULL),
(17, 17, 1, 'Common', 2, '0000-00-00 00:00:00', NULL, NULL),
(18, 18, 1, 'Common', 2, '0000-00-00 00:00:00', NULL, NULL),
(19, 19, 1, 'Common', 2, '0000-00-00 00:00:00', NULL, NULL),
(20, 20, 1, 'Common', 2, '0000-00-00 00:00:00', NULL, NULL),
(21, 21, 1, 'Common', 2, '0000-00-00 00:00:00', NULL, NULL),
(22, 22, 1, 'Common', 2, '0000-00-00 00:00:00', NULL, NULL),
(23, 23, 1, 'Common', 2, '0000-00-00 00:00:00', NULL, NULL),
(24, 24, 2, 'Common', 2, '0000-00-00 00:00:00', NULL, NULL),
(25, 25, 2, 'Common', 2, '0000-00-00 00:00:00', NULL, NULL),
(26, 26, 2, 'Common', 2, '0000-00-00 00:00:00', NULL, NULL),
(27, 27, 2, 'Common', 2, '0000-00-00 00:00:00', NULL, NULL),
(28, 28, 2, 'Common', 2, '0000-00-00 00:00:00', NULL, NULL),
(29, 29, 2, 'Common', 2, '0000-00-00 00:00:00', NULL, NULL),
(30, 30, 2, 'Common', 2, '0000-00-00 00:00:00', NULL, NULL),
(31, 31, 2, 'Common', 2, '0000-00-00 00:00:00', NULL, NULL),
(32, 32, 2, 'Common', 2, '0000-00-00 00:00:00', NULL, NULL),
(33, 33, 2, 'Common', 2, '0000-00-00 00:00:00', NULL, NULL),
(34, 34, 2, 'Common', 2, '0000-00-00 00:00:00', NULL, NULL),
(35, 35, 2, 'Common', 2, '0000-00-00 00:00:00', NULL, NULL),
(36, 36, 2, 'Common', 2, '0000-00-00 00:00:00', NULL, NULL),
(37, 37, 2, 'Common', 2, '0000-00-00 00:00:00', NULL, NULL),
(38, 38, 2, 'Common', 2, '0000-00-00 00:00:00', NULL, NULL),
(39, 39, 2, 'Common', 2, '0000-00-00 00:00:00', NULL, NULL),
(40, 40, 2, 'Common', 2, '0000-00-00 00:00:00', NULL, NULL),
(41, 41, 2, 'Common', 2, '0000-00-00 00:00:00', NULL, NULL),
(42, 42, 2, 'Common', 2, '0000-00-00 00:00:00', NULL, NULL),
(43, 43, 2, 'Common', 2, '0000-00-00 00:00:00', NULL, NULL),
(44, 44, 2, 'Common', 2, '0000-00-00 00:00:00', NULL, NULL),
(45, 45, 2, 'Common', 2, '0000-00-00 00:00:00', NULL, NULL),
(46, 46, 2, 'Common', 2, '0000-00-00 00:00:00', NULL, NULL),
(47, 47, 3, 'Common', 2, '0000-00-00 00:00:00', NULL, NULL),
(48, 48, 3, 'Common', 2, '0000-00-00 00:00:00', NULL, NULL),
(49, 49, 3, 'Common', 2, '0000-00-00 00:00:00', NULL, NULL),
(50, 50, 3, 'Common', 2, '0000-00-00 00:00:00', NULL, NULL),
(51, 51, 3, 'Common', 2, '0000-00-00 00:00:00', NULL, NULL),
(52, 52, 3, 'Common', 2, '0000-00-00 00:00:00', NULL, NULL),
(53, 53, 3, 'Common', 2, '0000-00-00 00:00:00', NULL, NULL),
(54, 54, 3, 'Common', 2, '0000-00-00 00:00:00', NULL, NULL),
(55, 55, 3, 'Common', 2, '0000-00-00 00:00:00', NULL, NULL),
(56, 56, 3, 'Common', 2, '0000-00-00 00:00:00', NULL, NULL),
(57, 57, 3, 'Common', 2, '0000-00-00 00:00:00', NULL, NULL),
(58, 58, 3, 'Common', 2, '0000-00-00 00:00:00', NULL, NULL),
(59, 59, 3, 'Common', 2, '0000-00-00 00:00:00', NULL, NULL),
(60, 60, 3, 'Common', 2, '0000-00-00 00:00:00', NULL, NULL),
(61, 61, 3, 'Common', 2, '0000-00-00 00:00:00', NULL, NULL),
(62, 62, 3, 'Common', 2, '0000-00-00 00:00:00', NULL, NULL),
(63, 63, 3, 'Common', 2, '0000-00-00 00:00:00', NULL, NULL),
(64, 64, 3, 'Common', 2, '0000-00-00 00:00:00', NULL, NULL),
(65, 65, 3, 'Common', 2, '0000-00-00 00:00:00', NULL, NULL),
(66, 66, 3, 'Common', 2, '0000-00-00 00:00:00', NULL, NULL),
(67, 67, 3, 'Common', 2, '0000-00-00 00:00:00', NULL, NULL),
(68, 68, 3, 'Common', 2, '0000-00-00 00:00:00', NULL, NULL),
(69, 69, 3, 'Common', 2, '0000-00-00 00:00:00', NULL, NULL),
(70, 70, 3, 'Common', 2, '0000-00-00 00:00:00', NULL, NULL),
(71, 71, 4, 'Common', 2, '0000-00-00 00:00:00', NULL, NULL),
(72, 72, 4, 'Common', 2, '0000-00-00 00:00:00', NULL, NULL),
(73, 73, 4, 'Common', 2, '0000-00-00 00:00:00', NULL, NULL),
(74, 74, 4, 'Common', 2, '0000-00-00 00:00:00', NULL, NULL),
(75, 75, 4, 'Common', 2, '0000-00-00 00:00:00', NULL, NULL),
(76, 76, 4, 'Common', 2, '0000-00-00 00:00:00', NULL, NULL),
(77, 77, 4, 'Common', 2, '0000-00-00 00:00:00', NULL, NULL),
(78, 78, 4, 'Common', 2, '0000-00-00 00:00:00', NULL, NULL),
(79, 79, 4, 'Common', 2, '0000-00-00 00:00:00', NULL, NULL),
(80, 80, 4, 'Common', 2, '0000-00-00 00:00:00', NULL, NULL),
(81, 81, 4, 'Common', 2, '0000-00-00 00:00:00', NULL, NULL),
(82, 82, 4, 'Common', 2, '0000-00-00 00:00:00', NULL, NULL),
(83, 83, 4, 'Common', 2, '0000-00-00 00:00:00', NULL, NULL),
(84, 84, 4, 'Common', 2, '0000-00-00 00:00:00', NULL, NULL),
(85, 85, 4, 'Common', 2, '0000-00-00 00:00:00', NULL, NULL),
(86, 86, 4, 'Common', 2, '0000-00-00 00:00:00', NULL, NULL),
(87, 87, 4, 'Common', 2, '0000-00-00 00:00:00', NULL, NULL),
(88, 88, 4, 'Common', 2, '0000-00-00 00:00:00', NULL, NULL),
(89, 89, 4, 'Common', 2, '0000-00-00 00:00:00', NULL, NULL),
(90, 90, 4, 'Common', 2, '0000-00-00 00:00:00', NULL, NULL),
(91, 91, 4, 'Common', 2, '0000-00-00 00:00:00', NULL, NULL),
(92, 92, 4, 'Common', 2, '0000-00-00 00:00:00', NULL, NULL),
(93, 93, 4, 'Common', 2, '0000-00-00 00:00:00', NULL, NULL),
(94, 94, 4, 'Common', 2, '0000-00-00 00:00:00', NULL, NULL),
(95, 95, 5, 'Common', 2, '0000-00-00 00:00:00', NULL, NULL),
(96, 96, 5, 'Common', 2, '0000-00-00 00:00:00', NULL, NULL),
(97, 97, 5, 'Common', 2, '0000-00-00 00:00:00', NULL, NULL),
(98, 98, 5, 'Common', 2, '0000-00-00 00:00:00', NULL, NULL),
(99, 99, 5, 'Common', 2, '0000-00-00 00:00:00', NULL, NULL),
(100, 100, 5, 'Common', 2, '0000-00-00 00:00:00', NULL, NULL),
(101, 101, 5, 'Common', 2, '0000-00-00 00:00:00', NULL, NULL),
(102, 102, 5, 'Common', 2, '0000-00-00 00:00:00', NULL, NULL),
(103, 103, 5, 'Common', 2, '0000-00-00 00:00:00', NULL, NULL),
(104, 104, 5, 'Common', 2, '0000-00-00 00:00:00', NULL, NULL),
(105, 105, 5, 'Common', 2, '0000-00-00 00:00:00', NULL, NULL),
(106, 106, 5, 'Common', 2, '0000-00-00 00:00:00', NULL, NULL),
(107, 107, 5, 'Common', 2, '0000-00-00 00:00:00', NULL, NULL),
(108, 108, 5, 'Common', 2, '0000-00-00 00:00:00', NULL, NULL),
(109, 109, 5, 'Common', 2, '0000-00-00 00:00:00', NULL, NULL),
(110, 110, 5, 'Common', 2, '0000-00-00 00:00:00', NULL, NULL),
(111, 111, 5, 'Common', 2, '0000-00-00 00:00:00', NULL, NULL),
(112, 112, 5, 'Common', 2, '0000-00-00 00:00:00', NULL, NULL),
(113, 113, 5, 'Common', 2, '0000-00-00 00:00:00', NULL, NULL),
(114, 114, 5, 'Common', 2, '0000-00-00 00:00:00', NULL, NULL),
(115, 115, 5, 'Common', 2, '0000-00-00 00:00:00', NULL, NULL),
(116, 116, 5, 'Common', 2, '0000-00-00 00:00:00', NULL, NULL),
(117, 117, 5, 'Common', 2, '0000-00-00 00:00:00', NULL, NULL),
(118, 118, 5, 'Common', 2, '0000-00-00 00:00:00', NULL, NULL),
(119, 119, 5, 'Common', 2, '0000-00-00 00:00:00', NULL, NULL),
(120, 120, 5, 'Common', 2, '0000-00-00 00:00:00', NULL, NULL),
(121, 121, 6, 'Common', 2, '0000-00-00 00:00:00', NULL, NULL),
(122, 122, 6, 'Common', 2, '0000-00-00 00:00:00', NULL, NULL),
(123, 123, 6, 'Common', 2, '0000-00-00 00:00:00', NULL, NULL),
(124, 124, 6, 'Common', 2, '0000-00-00 00:00:00', NULL, NULL),
(125, 125, 6, 'Common', 2, '0000-00-00 00:00:00', NULL, NULL),
(126, 126, 6, 'Common', 2, '0000-00-00 00:00:00', NULL, NULL),
(127, 127, 6, 'Common', 2, '0000-00-00 00:00:00', NULL, NULL),
(128, 128, 6, 'Common', 2, '0000-00-00 00:00:00', NULL, NULL),
(129, 129, 6, 'Common', 2, '0000-00-00 00:00:00', NULL, NULL),
(130, 130, 6, 'Common', 2, '0000-00-00 00:00:00', NULL, NULL),
(131, 131, 6, 'Common', 2, '0000-00-00 00:00:00', NULL, NULL),
(132, 132, 6, 'Common', 2, '0000-00-00 00:00:00', NULL, NULL),
(133, 133, 6, 'Common', 2, '0000-00-00 00:00:00', NULL, NULL),
(134, 134, 6, 'Common', 2, '0000-00-00 00:00:00', NULL, NULL),
(135, 135, 6, 'Common', 2, '0000-00-00 00:00:00', NULL, NULL),
(136, 136, 6, 'Common', 2, '0000-00-00 00:00:00', NULL, NULL),
(137, 137, 6, 'Common', 2, '0000-00-00 00:00:00', NULL, NULL),
(138, 138, 6, 'Common', 2, '0000-00-00 00:00:00', NULL, NULL),
(139, 139, 6, 'Common', 2, '0000-00-00 00:00:00', NULL, NULL),
(140, 140, 6, 'Common', 2, '0000-00-00 00:00:00', NULL, NULL),
(141, 141, 6, 'Common', 2, '0000-00-00 00:00:00', NULL, NULL),
(142, 142, 6, 'Common', 2, '0000-00-00 00:00:00', NULL, NULL),
(143, 143, 6, 'Common', 2, '0000-00-00 00:00:00', NULL, NULL),
(144, 144, 6, 'Common', 2, '0000-00-00 00:00:00', NULL, NULL),
(145, 145, 6, 'Common', 2, '0000-00-00 00:00:00', NULL, NULL),
(146, 146, 6, 'Common', 2, '0000-00-00 00:00:00', NULL, NULL),
(147, 147, 7, 'Common', 2, '0000-00-00 00:00:00', NULL, NULL),
(148, 148, 7, 'Common', 2, '0000-00-00 00:00:00', NULL, NULL),
(149, 149, 7, 'Common', 2, '0000-00-00 00:00:00', NULL, NULL),
(150, 150, 7, 'Common', 2, '0000-00-00 00:00:00', NULL, NULL),
(151, 151, 7, 'Common', 2, '0000-00-00 00:00:00', NULL, NULL),
(152, 152, 7, 'Common', 2, '0000-00-00 00:00:00', NULL, NULL),
(153, 153, 7, 'Common', 2, '0000-00-00 00:00:00', NULL, NULL),
(154, 154, 7, 'Common', 2, '0000-00-00 00:00:00', NULL, NULL),
(155, 155, 7, 'Common', 2, '0000-00-00 00:00:00', NULL, NULL),
(156, 156, 7, 'Common', 2, '0000-00-00 00:00:00', NULL, NULL),
(157, 157, 7, 'Common', 2, '0000-00-00 00:00:00', NULL, NULL),
(158, 158, 7, 'Common', 2, '0000-00-00 00:00:00', NULL, NULL),
(159, 159, 7, 'Common', 2, '0000-00-00 00:00:00', NULL, NULL),
(160, 160, 7, 'Common', 2, '0000-00-00 00:00:00', NULL, NULL),
(161, 161, 7, 'Common', 2, '0000-00-00 00:00:00', NULL, NULL),
(162, 162, 7, 'Common', 2, '0000-00-00 00:00:00', NULL, NULL),
(163, 163, 7, 'Common', 2, '0000-00-00 00:00:00', NULL, NULL),
(164, 164, 7, 'Common', 2, '0000-00-00 00:00:00', NULL, NULL),
(165, 165, 7, 'Common', 2, '0000-00-00 00:00:00', NULL, NULL),
(166, 166, 7, 'Common', 2, '0000-00-00 00:00:00', NULL, NULL),
(167, 167, 7, 'Common', 2, '0000-00-00 00:00:00', NULL, NULL),
(168, 168, 7, 'Common', 2, '0000-00-00 00:00:00', NULL, NULL),
(169, 169, 7, 'Common', 2, '0000-00-00 00:00:00', NULL, NULL),
(170, 170, 7, 'Common', 2, '0000-00-00 00:00:00', NULL, NULL),
(171, 171, 7, 'Common', 2, '0000-00-00 00:00:00', NULL, NULL),
(172, 172, 7, 'Common', 2, '0000-00-00 00:00:00', NULL, NULL),
(173, 173, 8, 'Common', 2, '0000-00-00 00:00:00', NULL, NULL),
(174, 174, 8, 'Common', 2, '0000-00-00 00:00:00', NULL, NULL),
(175, 175, 8, 'Common', 2, '0000-00-00 00:00:00', NULL, NULL),
(176, 176, 8, 'Common', 2, '0000-00-00 00:00:00', NULL, NULL),
(177, 177, 8, 'Common', 2, '0000-00-00 00:00:00', NULL, NULL),
(178, 178, 8, 'Common', 2, '0000-00-00 00:00:00', NULL, NULL),
(179, 179, 8, 'Common', 2, '0000-00-00 00:00:00', NULL, NULL),
(180, 180, 8, 'Common', 2, '0000-00-00 00:00:00', NULL, NULL),
(181, 181, 8, 'Common', 2, '0000-00-00 00:00:00', NULL, NULL),
(182, 182, 8, 'Common', 2, '0000-00-00 00:00:00', NULL, NULL),
(183, 183, 8, 'Common', 2, '0000-00-00 00:00:00', NULL, NULL),
(184, 184, 8, 'Common', 2, '0000-00-00 00:00:00', NULL, NULL),
(185, 185, 8, 'Common', 2, '0000-00-00 00:00:00', NULL, NULL),
(186, 186, 8, 'Common', 2, '0000-00-00 00:00:00', NULL, NULL),
(187, 187, 8, 'Common', 2, '0000-00-00 00:00:00', NULL, NULL),
(188, 188, 8, 'Common', 2, '0000-00-00 00:00:00', NULL, NULL),
(189, 189, 8, 'Common', 2, '0000-00-00 00:00:00', NULL, NULL),
(190, 190, 8, 'Common', 2, '0000-00-00 00:00:00', NULL, NULL),
(191, 191, 8, 'Common', 2, '0000-00-00 00:00:00', NULL, NULL),
(192, 192, 8, 'Common', 2, '0000-00-00 00:00:00', NULL, NULL),
(193, 193, 8, 'Common', 2, '0000-00-00 00:00:00', NULL, NULL),
(194, 194, 8, 'Common', 2, '0000-00-00 00:00:00', NULL, NULL),
(195, 195, 8, 'Common', 2, '0000-00-00 00:00:00', NULL, NULL),
(196, 196, 8, 'Common', 2, '0000-00-00 00:00:00', NULL, NULL),
(197, 197, 8, 'Common', 2, '0000-00-00 00:00:00', NULL, NULL),
(198, 198, 8, 'Common', 2, '0000-00-00 00:00:00', NULL, NULL),
(199, 199, 9, 'Thinking Skills', 2, '0000-00-00 00:00:00', NULL, NULL),
(200, 200, 9, 'Thinking Skills', 2, '0000-00-00 00:00:00', NULL, NULL),
(201, 201, 9, 'Thinking Skills', 2, '0000-00-00 00:00:00', NULL, NULL),
(202, 202, 9, 'Thinking Skills', 2, '0000-00-00 00:00:00', NULL, NULL),
(203, 203, 9, 'Social Skills', 2, '0000-00-00 00:00:00', NULL, NULL),
(204, 204, 9, 'Social Skills', 2, '0000-00-00 00:00:00', NULL, NULL),
(205, 205, 9, 'Social Skills', 2, '0000-00-00 00:00:00', NULL, NULL),
(206, 206, 9, 'Emotional Skills', 2, '0000-00-00 00:00:00', NULL, NULL),
(207, 207, 9, 'Common', 2, '0000-00-00 00:00:00', NULL, NULL),
(208, 208, 9, 'Common', 2, '0000-00-00 00:00:00', NULL, NULL),
(209, 209, 9, 'Common', 2, '0000-00-00 00:00:00', NULL, NULL),
(210, 210, 9, 'Common', 2, '0000-00-00 00:00:00', NULL, NULL),
(211, 211, 9, 'Common', 2, '0000-00-00 00:00:00', NULL, NULL),
(212, 212, 9, 'Common', 2, '0000-00-00 00:00:00', NULL, NULL),
(213, 213, 9, 'Common', 2, '0000-00-00 00:00:00', NULL, NULL),
(214, 214, 9, 'Common', 2, '0000-00-00 00:00:00', NULL, NULL),
(215, 215, 9, 'Common', 2, '0000-00-00 00:00:00', NULL, NULL),
(216, 216, 9, 'Common', 2, '0000-00-00 00:00:00', NULL, NULL),
(217, 217, 9, 'Common', 2, '0000-00-00 00:00:00', NULL, NULL),
(218, 218, 10, 'Thinking Skills', 2, '0000-00-00 00:00:00', NULL, NULL),
(219, 219, 10, 'Thinking Skills', 2, '0000-00-00 00:00:00', NULL, NULL),
(220, 220, 10, 'Thinking Skills', 2, '0000-00-00 00:00:00', NULL, NULL),
(221, 221, 10, 'Thinking Skills', 2, '0000-00-00 00:00:00', NULL, NULL),
(222, 222, 10, 'Social Skills', 2, '0000-00-00 00:00:00', NULL, NULL),
(223, 223, 10, 'Social Skills', 2, '0000-00-00 00:00:00', NULL, NULL),
(224, 224, 10, 'Social Skills', 2, '0000-00-00 00:00:00', NULL, NULL),
(225, 225, 10, 'Emotional Skills', 2, '0000-00-00 00:00:00', NULL, NULL),
(226, 226, 10, 'Common', 2, '0000-00-00 00:00:00', NULL, NULL),
(227, 227, 10, 'Common', 2, '0000-00-00 00:00:00', NULL, NULL),
(228, 228, 10, 'Common', 2, '0000-00-00 00:00:00', NULL, NULL),
(229, 229, 10, 'Common', 2, '0000-00-00 00:00:00', NULL, NULL),
(230, 230, 10, 'Common', 2, '0000-00-00 00:00:00', NULL, NULL),
(231, 231, 10, 'Common', 2, '0000-00-00 00:00:00', NULL, NULL),
(232, 232, 10, 'Common', 2, '0000-00-00 00:00:00', NULL, NULL),
(233, 233, 10, 'Common', 2, '0000-00-00 00:00:00', NULL, NULL),
(234, 234, 10, 'Common', 2, '0000-00-00 00:00:00', NULL, NULL),
(235, 235, 10, 'Common', 2, '0000-00-00 00:00:00', NULL, NULL),
(236, 236, 10, 'Common', 2, '0000-00-00 00:00:00', NULL, NULL),
(237, 237, 11, 'Thinking Skills', 2, '0000-00-00 00:00:00', NULL, NULL),
(238, 238, 11, 'Thinking Skills', 2, '0000-00-00 00:00:00', NULL, NULL),
(239, 239, 11, 'Thinking Skills', 2, '0000-00-00 00:00:00', NULL, NULL),
(240, 240, 11, 'Thinking Skills', 2, '0000-00-00 00:00:00', NULL, NULL),
(241, 241, 11, 'Social Skills', 2, '0000-00-00 00:00:00', NULL, NULL),
(242, 242, 11, 'Social Skills', 2, '0000-00-00 00:00:00', NULL, NULL),
(243, 243, 11, 'Social Skills', 2, '0000-00-00 00:00:00', NULL, NULL),
(244, 244, 11, 'Emotional Skills', 2, '0000-00-00 00:00:00', NULL, NULL),
(245, 245, 11, 'Common', 2, '0000-00-00 00:00:00', NULL, NULL),
(246, 246, 11, 'Common', 2, '0000-00-00 00:00:00', NULL, NULL),
(247, 247, 11, 'Common', 2, '0000-00-00 00:00:00', NULL, NULL),
(248, 248, 11, 'Common', 2, '0000-00-00 00:00:00', NULL, NULL),
(249, 249, 11, 'Common', 2, '0000-00-00 00:00:00', NULL, NULL),
(250, 250, 11, 'Common', 2, '0000-00-00 00:00:00', NULL, NULL),
(251, 251, 11, 'Common', 2, '0000-00-00 00:00:00', NULL, NULL),
(252, 252, 11, 'Common', 2, '0000-00-00 00:00:00', NULL, NULL),
(253, 253, 11, 'Common', 2, '0000-00-00 00:00:00', NULL, NULL),
(254, 254, 11, 'Common', 2, '0000-00-00 00:00:00', NULL, NULL),
(255, 255, 11, 'Common', 2, '0000-00-00 00:00:00', NULL, NULL),
(256, 256, 12, 'Thinking Skills', 2, '0000-00-00 00:00:00', NULL, NULL),
(257, 257, 12, 'Thinking Skills', 2, '0000-00-00 00:00:00', NULL, NULL),
(258, 258, 12, 'Thinking Skills', 2, '0000-00-00 00:00:00', NULL, NULL),
(259, 259, 12, 'Thinking Skills', 2, '0000-00-00 00:00:00', NULL, NULL),
(260, 260, 12, 'Social Skills', 2, '0000-00-00 00:00:00', NULL, NULL),
(261, 261, 12, 'Social Skills', 2, '0000-00-00 00:00:00', NULL, NULL),
(262, 262, 12, 'Social Skills', 2, '0000-00-00 00:00:00', NULL, NULL),
(263, 263, 12, 'Emotional Skills', 2, '0000-00-00 00:00:00', NULL, NULL),
(264, 264, 12, 'Common', 2, '0000-00-00 00:00:00', NULL, NULL),
(265, 265, 12, 'Common', 2, '0000-00-00 00:00:00', NULL, NULL),
(266, 266, 12, 'Common', 2, '0000-00-00 00:00:00', NULL, NULL),
(267, 267, 12, 'Common', 2, '0000-00-00 00:00:00', NULL, NULL),
(268, 268, 12, 'Common', 2, '0000-00-00 00:00:00', NULL, NULL),
(269, 269, 12, 'Common', 2, '0000-00-00 00:00:00', NULL, NULL),
(270, 270, 12, 'Common', 2, '0000-00-00 00:00:00', NULL, NULL),
(271, 271, 12, 'Common', 2, '0000-00-00 00:00:00', NULL, NULL),
(272, 272, 12, 'Common', 2, '0000-00-00 00:00:00', NULL, NULL),
(273, 273, 12, 'Common', 2, '0000-00-00 00:00:00', NULL, NULL),
(274, 274, 12, 'Common', 2, '0000-00-00 00:00:00', NULL, NULL);

-- --------------------------------------------------------

--
-- Table structure for table `t_rel_personal_attributes_indicator`
--

CREATE TABLE `t_rel_personal_attributes_indicator` (
  `t_rel_personal_attributes_indicator_id` int(11) NOT NULL,
  `t_rel_personal_attributes_master_id` int(11) NOT NULL,
  `name` varchar(100) NOT NULL,
  `created_by` int(11) NOT NULL,
  `created_at` timestamp NOT NULL DEFAULT current_timestamp(),
  `updated_by` int(11) DEFAULT NULL,
  `updated_at` timestamp NULL DEFAULT NULL ON UPDATE current_timestamp()
) ENGINE=InnoDB DEFAULT CHARSET=utf8mb4 COLLATE=utf8mb4_general_ci;

--
-- Dumping data for table `t_rel_personal_attributes_indicator`
--

INSERT INTO `t_rel_personal_attributes_indicator` (`t_rel_personal_attributes_indicator_id`, `t_rel_personal_attributes_master_id`, `name`, `created_by`, `created_at`, `updated_by`, `updated_at`) VALUES
(1, 1, 'Is courteous and shows good manners.', 2, '0000-00-00 00:00:00', NULL, NULL),
(2, 1, 'Cooperates consistently with the teacher and other students.', 2, '0000-00-00 00:00:00', NULL, NULL),
(3, 1, 'Responds appropriately when corrected.', 2, '0000-00-00 00:00:00', NULL, NULL),
(4, 1, 'Puts in effort even when not under direct supervision.', 2, '0000-00-00 00:00:00', NULL, NULL),
(5, 1, 'Is an enthusiastic learner who seems to enjoy school.', 2, '0000-00-00 00:00:00', NULL, NULL),
(6, 1, 'Appears well rested and ready for each day\'s activities.', 2, '0000-00-00 00:00:00', NULL, NULL),
(7, 1, 'Follows classroom rules.', 2, '0000-00-00 00:00:00', NULL, NULL),
(8, 1, 'Remains focused on the activity at hand.', 2, '0000-00-00 00:00:00', NULL, NULL),
(9, 1, 'Perseveres when faced with difficulty by asking questions and trying his/her best.', 2, '0000-00-00 00:00:00', NULL, NULL),
(10, 1, 'Expresses ideas clearly, both verbally and through writing.', 2, '0000-00-00 00:00:00', NULL, NULL),
(11, 1, 'Listens attentively to the responses of others without interrupting.', 2, '0000-00-00 00:00:00', NULL, NULL),
(12, 1, 'Seems comfortable in new situations.', 2, '0000-00-00 00:00:00', NULL, NULL),
(13, 2, 'Attentive', 2, '0000-00-00 00:00:00', NULL, NULL),
(14, 2, 'Follows instructions', 2, '0000-00-00 00:00:00', NULL, NULL),
(15, 2, 'Works with concentration', 2, '0000-00-00 00:00:00', NULL, NULL),
(16, 2, 'Works independently', 2, '0000-00-00 00:00:00', NULL, NULL),
(17, 2, 'Works at satisfactory speed', 2, '0000-00-00 00:00:00', NULL, NULL),
(18, 2, 'Enjoys Learning Activities', 2, '0000-00-00 00:00:00', NULL, NULL),
(19, 2, 'Presents neat work', 2, '0000-00-00 00:00:00', NULL, NULL),
(20, 3, 'Attitudes towards Teachers', 2, '0000-00-00 00:00:00', NULL, NULL),
(21, 3, 'Attitudes towards School mates', 2, '0000-00-00 00:00:00', NULL, NULL),
(22, 3, 'Attitudes towards School Initiatives & Programmes', 2, '0000-00-00 00:00:00', NULL, NULL),
(23, 3, 'Value system', 2, '0000-00-00 00:00:00', NULL, NULL),
(24, 1, 'Is courteous and shows good manners.', 2, '0000-00-00 00:00:00', NULL, NULL),
(25, 1, 'Cooperates consistently with the teacher and other students.', 2, '0000-00-00 00:00:00', NULL, NULL),
(26, 1, 'Responds appropriately when corrected.', 2, '0000-00-00 00:00:00', NULL, NULL),
(27, 1, 'Puts in effort even when not under direct supervision.', 2, '0000-00-00 00:00:00', NULL, NULL),
(28, 1, 'Is an enthusiastic learner who seems to enjoy school.', 2, '0000-00-00 00:00:00', NULL, NULL),
(29, 1, 'Appears well rested and ready for each day\'s activities.', 2, '0000-00-00 00:00:00', NULL, NULL),
(30, 1, 'Follows classroom rules.', 2, '0000-00-00 00:00:00', NULL, NULL),
(31, 1, 'Remains focused on the activity at hand.', 2, '0000-00-00 00:00:00', NULL, NULL),
(32, 1, 'Perseveres when faced with difficulty by asking questions and trying his/her best.', 2, '0000-00-00 00:00:00', NULL, NULL),
(33, 1, 'Expresses ideas clearly, both verbally and through writing.', 2, '0000-00-00 00:00:00', NULL, NULL),
(34, 1, 'Listens attentively to the responses of others without interrupting.', 2, '0000-00-00 00:00:00', NULL, NULL),
(35, 1, 'Seems comfortable in new situations.', 2, '0000-00-00 00:00:00', NULL, NULL),
(36, 2, 'Attentive', 2, '0000-00-00 00:00:00', NULL, NULL),
(37, 2, 'Follows instructions', 2, '0000-00-00 00:00:00', NULL, NULL),
(38, 2, 'Works with concentration', 2, '0000-00-00 00:00:00', NULL, NULL),
(39, 2, 'Works independently', 2, '0000-00-00 00:00:00', NULL, NULL),
(40, 2, 'Works at satisfactory speed', 2, '0000-00-00 00:00:00', NULL, NULL),
(41, 2, 'Enjoys Learning Activities', 2, '0000-00-00 00:00:00', NULL, NULL),
(42, 2, 'Presents neat work', 2, '0000-00-00 00:00:00', NULL, NULL),
(43, 3, 'Attitudes towards Teachers', 2, '0000-00-00 00:00:00', NULL, NULL),
(44, 3, 'Attitudes towards School mates', 2, '0000-00-00 00:00:00', NULL, NULL),
(45, 3, 'Attitudes towards School Initiatives & Programmes', 2, '0000-00-00 00:00:00', NULL, NULL),
(46, 3, 'Value system', 2, '0000-00-00 00:00:00', NULL, NULL),
(47, 1, 'Is courteous and shows good manners.', 2, '0000-00-00 00:00:00', NULL, NULL),
(48, 1, 'Cooperates consistently with the teacher and other students.', 2, '0000-00-00 00:00:00', NULL, NULL),
(49, 1, 'Responds appropriately when corrected.', 2, '0000-00-00 00:00:00', NULL, NULL),
(50, 1, 'Puts in effort even when not under direct supervision.', 2, '0000-00-00 00:00:00', NULL, NULL),
(51, 1, 'Is an enthusiastic learner who seems to enjoy school.', 2, '0000-00-00 00:00:00', NULL, NULL),
(52, 1, 'Takes care of personal belongings', 2, '0000-00-00 00:00:00', NULL, NULL),
(53, 1, 'Uses instincts to deal with matters independently and in a positive way.', 2, '0000-00-00 00:00:00', NULL, NULL),
(54, 1, 'Follows classroom rules.', 2, '0000-00-00 00:00:00', NULL, NULL),
(55, 1, 'Remains focused on the activity at hand.', 2, '0000-00-00 00:00:00', NULL, NULL),
(56, 1, 'Perseveres when faced with difficulty by asking questions and trying his/her best.', 2, '0000-00-00 00:00:00', NULL, NULL),
(57, 1, 'Listens attentively to the responses of others without interrupting.', 2, '0000-00-00 00:00:00', NULL, NULL),
(58, 1, 'Seems comfortable in new situations.', 2, '0000-00-00 00:00:00', NULL, NULL),
(59, 2, 'Attentive', 2, '0000-00-00 00:00:00', NULL, NULL),
(60, 2, 'Follows instructions', 2, '0000-00-00 00:00:00', NULL, NULL),
(61, 2, 'Works with concentration', 2, '0000-00-00 00:00:00', NULL, NULL),
(62, 2, 'Works independently', 2, '0000-00-00 00:00:00', NULL, NULL),
(63, 2, 'Works at satisfactory speed', 2, '0000-00-00 00:00:00', NULL, NULL),
(64, 2, 'Enjoys Learning Activities', 2, '0000-00-00 00:00:00', NULL, NULL),
(65, 2, 'Presents neat work', 2, '0000-00-00 00:00:00', NULL, NULL),
(66, 2, 'Submits work on time', 2, '0000-00-00 00:00:00', NULL, NULL),
(67, 3, 'Attitudes towards Teachers', 2, '0000-00-00 00:00:00', NULL, NULL),
(68, 3, 'Attitudes towards School mates', 2, '0000-00-00 00:00:00', NULL, NULL),
(69, 3, 'Attitudes towards School Initiatives & Programmes', 2, '0000-00-00 00:00:00', NULL, NULL),
(70, 3, 'Value system', 2, '0000-00-00 00:00:00', NULL, NULL),
(71, 1, 'Is courteous and shows good manners.', 2, '0000-00-00 00:00:00', NULL, NULL),
(72, 1, 'Cooperates consistently with the teacher and other students.', 2, '0000-00-00 00:00:00', NULL, NULL),
(73, 1, 'Responds appropriately when corrected.', 2, '0000-00-00 00:00:00', NULL, NULL),
(74, 1, 'Puts in effort even when not under direct supervision.', 2, '0000-00-00 00:00:00', NULL, NULL),
(75, 1, 'Is an enthusiastic learner who seems to enjoy school.', 2, '0000-00-00 00:00:00', NULL, NULL),
(76, 1, 'Takes care of personal belongings', 2, '0000-00-00 00:00:00', NULL, NULL),
(77, 1, 'Uses instincts to deal with matters independently and in a positive way.', 2, '0000-00-00 00:00:00', NULL, NULL),
(78, 1, 'Follows classroom rules.', 2, '0000-00-00 00:00:00', NULL, NULL),
(79, 1, 'Remains focused on the activity at hand.', 2, '0000-00-00 00:00:00', NULL, NULL),
(80, 1, 'Perseveres when faced with difficulty by asking questions and trying his/her best.', 2, '0000-00-00 00:00:00', NULL, NULL),
(81, 1, 'Listens attentively to the responses of others without interrupting.', 2, '0000-00-00 00:00:00', NULL, NULL),
(82, 1, 'Seems comfortable in new situations.', 2, '0000-00-00 00:00:00', NULL, NULL),
(83, 2, 'Attentive', 2, '0000-00-00 00:00:00', NULL, NULL),
(84, 2, 'Follows instructions', 2, '0000-00-00 00:00:00', NULL, NULL),
(85, 2, 'Works with concentration', 2, '0000-00-00 00:00:00', NULL, NULL),
(86, 2, 'Works independently', 2, '0000-00-00 00:00:00', NULL, NULL),
(87, 2, 'Works at satisfactory speed', 2, '0000-00-00 00:00:00', NULL, NULL),
(88, 2, 'Enjoys Learning Activities', 2, '0000-00-00 00:00:00', NULL, NULL),
(89, 2, 'Presents neat work', 2, '0000-00-00 00:00:00', NULL, NULL),
(90, 2, 'Submits work on time', 2, '0000-00-00 00:00:00', NULL, NULL),
(91, 3, 'Attitudes towards Teachers', 2, '0000-00-00 00:00:00', NULL, NULL),
(92, 3, 'Attitudes towards School mates', 2, '0000-00-00 00:00:00', NULL, NULL),
(93, 3, 'Attitudes towards School Initiatives & Programmes', 2, '0000-00-00 00:00:00', NULL, NULL),
(94, 3, 'Value system', 2, '0000-00-00 00:00:00', NULL, NULL),
(95, 1, 'Is self respecting', 2, '0000-00-00 00:00:00', NULL, NULL),
(96, 1, 'Is aware of his/her strengths and weaknesses', 2, '0000-00-00 00:00:00', NULL, NULL),
(97, 1, 'Handles various problems effectively', 2, '0000-00-00 00:00:00', NULL, NULL),
(98, 1, 'Takes decisions logically', 2, '0000-00-00 00:00:00', NULL, NULL),
(99, 1, 'Shows readiness to face challenges', 2, '0000-00-00 00:00:00', NULL, NULL),
(100, 1, 'Has rich imagination and is able to think out of the box', 2, '0000-00-00 00:00:00', NULL, NULL),
(101, 1, 'Is independent in thinking', 2, '0000-00-00 00:00:00', NULL, NULL),
(102, 1, 'Contributes frequently to conversations', 2, '0000-00-00 00:00:00', NULL, NULL),
(103, 1, 'Is able to make use of speech, action and expression while communicating', 2, '0000-00-00 00:00:00', NULL, NULL),
(104, 1, 'Demonstrates ability to respect others', 2, '0000-00-00 00:00:00', NULL, NULL),
(105, 1, 'Is concerned and sensitive about the problems in the society/community/environment', 2, '0000-00-00 00:00:00', NULL, NULL),
(106, 1, 'Is tolerant with diversity', 2, '0000-00-00 00:00:00', NULL, NULL),
(107, 1, 'Can express his/her feelings in a healthy manner', 2, '0000-00-00 00:00:00', NULL, NULL),
(108, 1, 'Is optimistic in handling various critical situations', 2, '0000-00-00 00:00:00', NULL, NULL),
(109, 2, 'Attentive', 2, '0000-00-00 00:00:00', NULL, NULL),
(110, 2, 'Follows instructions', 2, '0000-00-00 00:00:00', NULL, NULL),
(111, 2, 'Works with concentration', 2, '0000-00-00 00:00:00', NULL, NULL),
(112, 2, 'Works independently', 2, '0000-00-00 00:00:00', NULL, NULL),
(113, 2, 'Works at satisfactory speed', 2, '0000-00-00 00:00:00', NULL, NULL),
(114, 2, 'Is eager to learn and find out more', 2, '0000-00-00 00:00:00', NULL, NULL),
(115, 2, 'Presents neat work', 2, '0000-00-00 00:00:00', NULL, NULL),
(116, 2, 'Submits work on time', 2, '0000-00-00 00:00:00', NULL, NULL),
(117, 3, 'Attitudes towards Teachers', 2, '0000-00-00 00:00:00', NULL, NULL),
(118, 3, 'Attitudes towards School mates', 2, '0000-00-00 00:00:00', NULL, NULL),
(119, 3, 'Attitudes towards School Initiatives & Programmes', 2, '0000-00-00 00:00:00', NULL, NULL),
(120, 3, 'Value system', 2, '0000-00-00 00:00:00', NULL, NULL),
(121, 1, 'Is self respecting', 2, '0000-00-00 00:00:00', NULL, NULL),
(122, 1, 'Is aware of his/her strengths and weaknesses', 2, '0000-00-00 00:00:00', NULL, NULL),
(123, 1, 'Handles various problems effectively', 2, '0000-00-00 00:00:00', NULL, NULL),
(124, 1, 'Takes decisions logically', 2, '0000-00-00 00:00:00', NULL, NULL),
(125, 1, 'Shows readiness to face challenges', 2, '0000-00-00 00:00:00', NULL, NULL),
(126, 1, 'Has rich imagination and is able to think out of the box', 2, '0000-00-00 00:00:00', NULL, NULL),
(127, 1, 'Is independent in thinking', 2, '0000-00-00 00:00:00', NULL, NULL),
(128, 1, 'Contributes frequently to conversations', 2, '0000-00-00 00:00:00', NULL, NULL),
(129, 1, 'Is able to make use of speech, action and expression while communicating', 2, '0000-00-00 00:00:00', NULL, NULL),
(130, 1, 'Demonstrates ability to respect others', 2, '0000-00-00 00:00:00', NULL, NULL),
(131, 1, 'Is concerned and sensitive about the problems in the society/community/environment', 2, '0000-00-00 00:00:00', NULL, NULL),
(132, 1, 'Is tolerant with diversity', 2, '0000-00-00 00:00:00', NULL, NULL),
(133, 1, 'Can express his/her feelings in a healthy manner', 2, '0000-00-00 00:00:00', NULL, NULL),
(134, 1, 'Is optimistic in handling various critical situations', 2, '0000-00-00 00:00:00', NULL, NULL),
(135, 2, 'Attentive', 2, '0000-00-00 00:00:00', NULL, NULL),
(136, 2, 'Follows instructions', 2, '0000-00-00 00:00:00', NULL, NULL),
(137, 2, 'Works with concentration', 2, '0000-00-00 00:00:00', NULL, NULL),
(138, 2, 'Works independently', 2, '0000-00-00 00:00:00', NULL, NULL),
(139, 2, 'Works at satisfactory speed', 2, '0000-00-00 00:00:00', NULL, NULL),
(140, 2, 'Is eager to learn and find out more', 2, '0000-00-00 00:00:00', NULL, NULL),
(141, 2, 'Presents neat work', 2, '0000-00-00 00:00:00', NULL, NULL),
(142, 2, 'Submits work on time', 2, '0000-00-00 00:00:00', NULL, NULL),
(143, 3, 'Attitudes towards Teachers', 2, '0000-00-00 00:00:00', NULL, NULL),
(144, 3, 'Attitudes towards School mates', 2, '0000-00-00 00:00:00', NULL, NULL),
(145, 3, 'Attitudes towards School Initiatives & Programmes', 2, '0000-00-00 00:00:00', NULL, NULL),
(146, 3, 'Value system', 2, '0000-00-00 00:00:00', NULL, NULL),
(147, 1, 'Is self respecting', 2, '0000-00-00 00:00:00', NULL, NULL),
(148, 1, 'Is aware of his/her strengths and weaknesses', 2, '0000-00-00 00:00:00', NULL, NULL),
(149, 1, 'Handles various problems effectively', 2, '0000-00-00 00:00:00', NULL, NULL),
(150, 1, 'Takes decisions logically', 2, '0000-00-00 00:00:00', NULL, NULL),
(151, 1, 'Shows readiness to face challenges', 2, '0000-00-00 00:00:00', NULL, NULL),
(152, 1, 'Has rich imagination and is able to think out of the box', 2, '0000-00-00 00:00:00', NULL, NULL),
(153, 1, 'Is independent in thinking', 2, '0000-00-00 00:00:00', NULL, NULL),
(154, 1, 'Contributes frequently to conversations', 2, '0000-00-00 00:00:00', NULL, NULL),
(155, 1, 'Is able to make use of speech, action and expression while communicating', 2, '0000-00-00 00:00:00', NULL, NULL),
(156, 1, 'Demonstrates ability to respect others', 2, '0000-00-00 00:00:00', NULL, NULL),
(157, 1, 'Is concerned and sensitive about the problems in the society/community/environment', 2, '0000-00-00 00:00:00', NULL, NULL),
(158, 1, 'Is tolerant with diversity', 2, '0000-00-00 00:00:00', NULL, NULL),
(159, 1, 'Can express his/her feelings in a healthy manner', 2, '0000-00-00 00:00:00', NULL, NULL),
(160, 1, 'Is optimistic in handling various critical situations', 2, '0000-00-00 00:00:00', NULL, NULL),
(161, 2, 'Attentive', 2, '0000-00-00 00:00:00', NULL, NULL),
(162, 2, 'Follows instructions', 2, '0000-00-00 00:00:00', NULL, NULL),
(163, 2, 'Works with concentration', 2, '0000-00-00 00:00:00', NULL, NULL),
(164, 2, 'Works independently', 2, '0000-00-00 00:00:00', NULL, NULL),
(165, 2, 'Works at satisfactory speed', 2, '0000-00-00 00:00:00', NULL, NULL),
(166, 2, 'Is eager to learn and find out more', 2, '0000-00-00 00:00:00', NULL, NULL),
(167, 2, 'Presents neat work', 2, '0000-00-00 00:00:00', NULL, NULL),
(168, 2, 'Submits work on time', 2, '0000-00-00 00:00:00', NULL, NULL),
(169, 3, 'Attitudes towards Teachers', 2, '0000-00-00 00:00:00', NULL, NULL),
(170, 3, 'Attitudes towards School mates', 2, '0000-00-00 00:00:00', NULL, NULL),
(171, 3, 'Attitudes towards School Initiatives & Programmes', 2, '0000-00-00 00:00:00', NULL, NULL),
(172, 3, 'Value system', 2, '0000-00-00 00:00:00', NULL, NULL),
(173, 1, 'Is self respecting', 2, '0000-00-00 00:00:00', NULL, NULL),
(174, 1, 'Is aware of his/her strengths and weaknesses', 2, '0000-00-00 00:00:00', NULL, NULL),
(175, 1, 'Handles various problems effectively', 2, '0000-00-00 00:00:00', NULL, NULL),
(176, 1, 'Takes decisions logically', 2, '0000-00-00 00:00:00', NULL, NULL),
(177, 1, 'Shows readiness to face challenges', 2, '0000-00-00 00:00:00', NULL, NULL),
(178, 1, 'Has rich imagination and is able to think out of the box', 2, '0000-00-00 00:00:00', NULL, NULL),
(179, 1, 'Is independent in thinking', 2, '0000-00-00 00:00:00', NULL, NULL),
(180, 1, 'Contributes frequently to conversations', 2, '0000-00-00 00:00:00', NULL, NULL),
(181, 1, 'Is able to make use of speech, action and expression while communicating', 2, '0000-00-00 00:00:00', NULL, NULL),
(182, 1, 'Demonstrates ability to respect others', 2, '0000-00-00 00:00:00', NULL, NULL),
(183, 1, 'Is concerned and sensitive about the problems in the society/community/environment', 2, '0000-00-00 00:00:00', NULL, NULL),
(184, 1, 'Is tolerant with diversity', 2, '0000-00-00 00:00:00', NULL, NULL),
(185, 1, 'Can express his/her feelings in a healthy manner', 2, '0000-00-00 00:00:00', NULL, NULL),
(186, 1, 'Is optimistic in handling various critical situations', 2, '0000-00-00 00:00:00', NULL, NULL),
(187, 2, 'Attentive', 2, '0000-00-00 00:00:00', NULL, NULL),
(188, 2, 'Follows instructions', 2, '0000-00-00 00:00:00', NULL, NULL),
(189, 2, 'Works with concentration', 2, '0000-00-00 00:00:00', NULL, NULL),
(190, 2, 'Works independently', 2, '0000-00-00 00:00:00', NULL, NULL),
(191, 2, 'Works at satisfactory speed', 2, '0000-00-00 00:00:00', NULL, NULL),
(192, 2, 'Is eager to learn and find out more', 2, '0000-00-00 00:00:00', NULL, NULL),
(193, 2, 'Presents neat work', 2, '0000-00-00 00:00:00', NULL, NULL),
(194, 2, 'Submits work on time', 2, '0000-00-00 00:00:00', NULL, NULL),
(195, 3, 'Attitudes towards Teachers', 2, '0000-00-00 00:00:00', NULL, NULL),
(196, 3, 'Attitudes towards School mates', 2, '0000-00-00 00:00:00', NULL, NULL),
(197, 3, 'Attitudes towards School Initiatives & Programmes', 2, '0000-00-00 00:00:00', NULL, NULL),
(198, 3, 'Value system', 2, '0000-00-00 00:00:00', NULL, NULL),
(199, 1, 'Self Awareness', 2, '0000-00-00 00:00:00', NULL, NULL),
(200, 1, 'Problem Solving', 2, '0000-00-00 00:00:00', NULL, NULL),
(201, 1, 'Creative Thinking', 2, '0000-00-00 00:00:00', NULL, NULL),
(202, 1, 'Critical Thinking', 2, '0000-00-00 00:00:00', NULL, NULL),
(203, 1, 'Interpersonal Relationships', 2, '0000-00-00 00:00:00', NULL, NULL),
(204, 1, 'Effective Communication', 2, '0000-00-00 00:00:00', NULL, NULL),
(205, 1, 'Empathy', 2, '0000-00-00 00:00:00', NULL, NULL),
(206, 1, 'Managing emotions', 2, '0000-00-00 00:00:00', NULL, NULL),
(207, 2, 'Attentive', 2, '0000-00-00 00:00:00', NULL, NULL),
(208, 2, 'Is self motivated to learn', 2, '0000-00-00 00:00:00', NULL, NULL),
(209, 2, 'Is organised in her/his work', 2, '0000-00-00 00:00:00', NULL, NULL),
(210, 2, 'Submits work on time', 2, '0000-00-00 00:00:00', NULL, NULL),
(211, 2, 'Participates in class discussions', 2, '0000-00-00 00:00:00', NULL, NULL),
(212, 2, 'Presents neat work', 2, '0000-00-00 00:00:00', NULL, NULL),
(213, 3, 'Attitudes towards Teachers', 2, '0000-00-00 00:00:00', NULL, NULL),
(214, 3, 'Attitudes towards School mates', 2, '0000-00-00 00:00:00', NULL, NULL),
(215, 3, 'Attitudes towards School Initiatives & Programmes', 2, '0000-00-00 00:00:00', NULL, NULL),
(216, 3, 'Attitudes towards Environment', 2, '0000-00-00 00:00:00', NULL, NULL),
(217, 3, 'Value system', 2, '0000-00-00 00:00:00', NULL, NULL),
(218, 1, 'Self Awareness', 2, '0000-00-00 00:00:00', NULL, NULL),
(219, 1, 'Problem Solving', 2, '0000-00-00 00:00:00', NULL, NULL),
(220, 1, 'Creative Thinking', 2, '0000-00-00 00:00:00', NULL, NULL),
(221, 1, 'Critical Thinking', 2, '0000-00-00 00:00:00', NULL, NULL),
(222, 1, 'Interpersonal Relationships', 2, '0000-00-00 00:00:00', NULL, NULL),
(223, 1, 'Effective Communication', 2, '0000-00-00 00:00:00', NULL, NULL),
(224, 1, 'Empathy', 2, '0000-00-00 00:00:00', NULL, NULL),
(225, 1, 'Managing emotions', 2, '0000-00-00 00:00:00', NULL, NULL),
(226, 2, 'Attentive', 2, '0000-00-00 00:00:00', NULL, NULL),
(227, 2, 'Is self motivated to learn', 2, '0000-00-00 00:00:00', NULL, NULL),
(228, 2, 'Is organised in her/his work', 2, '0000-00-00 00:00:00', NULL, NULL),
(229, 2, 'Submits work on time', 2, '0000-00-00 00:00:00', NULL, NULL),
(230, 2, 'Participates in class discussions', 2, '0000-00-00 00:00:00', NULL, NULL),
(231, 2, 'Presents neat work', 2, '0000-00-00 00:00:00', NULL, NULL),
(232, 3, 'Attitudes towards Teachers', 2, '0000-00-00 00:00:00', NULL, NULL),
(233, 3, 'Attitudes towards School mates', 2, '0000-00-00 00:00:00', NULL, NULL),
(234, 3, 'Attitudes towards School Initiatives & Programmes', 2, '0000-00-00 00:00:00', NULL, NULL),
(235, 3, 'Attitudes towards Environment', 2, '0000-00-00 00:00:00', NULL, NULL),
(236, 3, 'Value system', 2, '0000-00-00 00:00:00', NULL, NULL),
(237, 1, 'Self Awareness', 2, '0000-00-00 00:00:00', NULL, NULL),
(238, 1, 'Problem Solving', 2, '0000-00-00 00:00:00', NULL, NULL),
(239, 1, 'Creative Thinking', 2, '0000-00-00 00:00:00', NULL, NULL),
(240, 1, 'Critical Thinking', 2, '0000-00-00 00:00:00', NULL, NULL),
(241, 1, 'Interpersonal Relationships', 2, '0000-00-00 00:00:00', NULL, NULL),
(242, 1, 'Effective Communication', 2, '0000-00-00 00:00:00', NULL, NULL),
(243, 1, 'Empathy', 2, '0000-00-00 00:00:00', NULL, NULL),
(244, 1, 'Managing emotions', 2, '0000-00-00 00:00:00', NULL, NULL),
(245, 2, 'Attentive', 2, '0000-00-00 00:00:00', NULL, NULL),
(246, 2, 'Is self motivated to learn', 2, '0000-00-00 00:00:00', NULL, NULL),
(247, 2, 'Is organised in her/his work', 2, '0000-00-00 00:00:00', NULL, NULL),
(248, 2, 'Submits work on time', 2, '0000-00-00 00:00:00', NULL, NULL),
(249, 2, 'Participates in class discussions', 2, '0000-00-00 00:00:00', NULL, NULL),
(250, 2, 'Presents neat work', 2, '0000-00-00 00:00:00', NULL, NULL),
(251, 3, 'Attitudes towards Teachers', 2, '0000-00-00 00:00:00', NULL, NULL),
(252, 3, 'Attitudes towards School mates', 2, '0000-00-00 00:00:00', NULL, NULL),
(253, 3, 'Attitudes towards School Initiatives & Programmes', 2, '0000-00-00 00:00:00', NULL, NULL),
(254, 3, 'Attitudes towards Environment', 2, '0000-00-00 00:00:00', NULL, NULL),
(255, 3, 'Value system', 2, '0000-00-00 00:00:00', NULL, NULL),
(256, 1, 'Self Awareness', 2, '0000-00-00 00:00:00', NULL, NULL),
(257, 1, 'Problem Solving', 2, '0000-00-00 00:00:00', NULL, NULL),
(258, 1, 'Creative Thinking', 2, '0000-00-00 00:00:00', NULL, NULL),
(259, 1, 'Critical Thinking', 2, '0000-00-00 00:00:00', NULL, NULL),
(260, 1, 'Interpersonal Relationships', 2, '0000-00-00 00:00:00', NULL, NULL),
(261, 1, 'Effective Communication', 2, '0000-00-00 00:00:00', NULL, NULL),
(262, 1, 'Empathy', 2, '0000-00-00 00:00:00', NULL, NULL),
(263, 1, 'Managing emotions', 2, '0000-00-00 00:00:00', NULL, NULL),
(264, 2, 'Attentive', 2, '0000-00-00 00:00:00', NULL, NULL),
(265, 2, 'Is self motivated to learn', 2, '0000-00-00 00:00:00', NULL, NULL),
(266, 2, 'Is organised in her/his work', 2, '0000-00-00 00:00:00', NULL, NULL),
(267, 2, 'Submits work on time', 2, '0000-00-00 00:00:00', NULL, NULL),
(268, 2, 'Participates in class discussions', 2, '0000-00-00 00:00:00', NULL, NULL),
(269, 2, 'Presents neat work', 2, '0000-00-00 00:00:00', NULL, NULL),
(270, 3, 'Attitudes towards Teachers', 2, '0000-00-00 00:00:00', NULL, NULL),
(271, 3, 'Attitudes towards School mates', 2, '0000-00-00 00:00:00', NULL, NULL),
(272, 3, 'Attitudes towards School Initiatives & Programmes', 2, '0000-00-00 00:00:00', NULL, NULL),
(273, 3, 'Attitudes towards Environment', 2, '0000-00-00 00:00:00', NULL, NULL),
(274, 3, 'Value system', 2, '0000-00-00 00:00:00', NULL, NULL);

-- --------------------------------------------------------

--
-- Table structure for table `t_rel_personal_attributes_master`
--

CREATE TABLE `t_rel_personal_attributes_master` (
  `t_rel_personal_attributes_master_id` int(11) NOT NULL,
  `t_mst_client_id` int(11) NOT NULL,
  `name` varchar(255) NOT NULL,
  `created_by` int(11) NOT NULL,
  `created_at` timestamp NOT NULL DEFAULT current_timestamp(),
  `updated_by` int(11) DEFAULT NULL,
  `updated_at` timestamp NULL DEFAULT NULL ON UPDATE current_timestamp()
) ENGINE=InnoDB DEFAULT CHARSET=utf8mb4 COLLATE=utf8mb4_general_ci;

--
-- Dumping data for table `t_rel_personal_attributes_master`
--

INSERT INTO `t_rel_personal_attributes_master` (`t_rel_personal_attributes_master_id`, `t_mst_client_id`, `name`, `created_by`, `created_at`, `updated_by`, `updated_at`) VALUES
(1, 1, 'PERSONAL AND SOCIAL DEVELOPMENT', 2, '2023-08-06 04:56:00', NULL, '2023-10-12 06:34:18'),
(2, 1, 'WORK HABITS', 2, '2023-08-06 04:56:00', NULL, '2023-10-12 06:51:48'),
(3, 1, 'ATTITUDES & VALUES', 2, '2023-08-06 04:56:00', NULL, '2023-10-12 06:52:55');

-- --------------------------------------------------------

--
-- Table structure for table `t_rel_section`
--

CREATE TABLE `t_rel_section` (
  `t_rel_section_id` int(11) NOT NULL,
  `t_mst_client_id` int(11) NOT NULL,
  `code` varchar(20) DEFAULT NULL,
  `name` varchar(20) DEFAULT NULL,
  `is_active` enum('y','n') NOT NULL DEFAULT 'y'
) ENGINE=InnoDB DEFAULT CHARSET=utf8mb4 COLLATE=utf8mb4_general_ci;

--
-- Dumping data for table `t_rel_section`
--

INSERT INTO `t_rel_section` (`t_rel_section_id`, `t_mst_client_id`, `code`, `name`, `is_active`) VALUES
(1, 1, 'A', 'Section - A', 'y'),
(2, 1, 'B', 'Section - B', 'y'),
(3, 1, 'C', 'Section - C', 'y'),
(4, 1, 'D', 'Section - D', 'y');

-- --------------------------------------------------------

--
-- Table structure for table `t_rel_streams`
--

CREATE TABLE `t_rel_streams` (
  `t_rel_stream_id` int(10) UNSIGNED NOT NULL,
  `t_mst_client_id` int(11) NOT NULL,
  `code` varchar(20) NOT NULL,
  `code_numeric` varchar(20) DEFAULT NULL,
  `name` varchar(20) NOT NULL,
  `name_hindi` varchar(255) CHARACTER SET utf16 COLLATE utf16_unicode_ci DEFAULT NULL,
  `is_active` enum('y','n') DEFAULT 'y',
  `created_at` timestamp NULL DEFAULT current_timestamp(),
  `updated_at` timestamp NULL DEFAULT NULL
) ENGINE=InnoDB DEFAULT CHARSET=utf8mb4 COLLATE=utf8mb4_unicode_ci;

--
-- Dumping data for table `t_rel_streams`
--

INSERT INTO `t_rel_streams` (`t_rel_stream_id`, `t_mst_client_id`, `code`, `code_numeric`, `name`, `name_hindi`, `is_active`, `created_at`, `updated_at`) VALUES
(1, 1, 'GEN', '1', 'General', NULL, 'y', '2018-05-09 02:00:40', '2019-07-23 22:55:32'),
(2, 1, 'SCI', '2', 'Science with BIO', NULL, 'y', '2018-03-27 05:57:44', '2019-08-02 18:55:01'),
(3, 1, 'HMN', '3', 'Humanities', NULL, 'y', '2018-03-27 05:57:16', '2019-08-02 18:45:35'),
(4, 1, 'COM', '4', 'Commerce', NULL, 'y', '2018-03-27 05:57:16', '2019-08-02 18:45:35'),
(5, 1, 'SCI-MAT', '4', 'Science - Math', NULL, 'y', '2018-03-27 05:57:16', '2019-08-02 18:45:35'),
(6, 1, 'ECO-MAT', '4', 'Eco - Math', NULL, 'y', '2018-03-27 05:57:16', '2019-08-02 18:45:35'),
(7, 1, 'EVS-ECO', '4', 'EVS - Eco', NULL, 'y', '2018-03-27 05:57:16', '2019-08-02 18:45:35'),
(8, 1, 'SCI-WOB', '2', 'Science without BIO', NULL, 'y', '2023-08-24 05:57:16', '2023-08-24 05:57:16');

-- --------------------------------------------------------

--
-- Table structure for table `t_rel_subject`
--

CREATE TABLE `t_rel_subject` (
  `t_rel_subject_id` int(11) NOT NULL,
  `t_mst_client_id` int(11) NOT NULL,
  `code` varchar(30) NOT NULL,
  `name` varchar(100) NOT NULL,
  `display_name` varchar(255) DEFAULT NULL,
  `subject_type` enum('Language','Literature','Non-Language') DEFAULT NULL,
  `is_active` enum('y','n') NOT NULL DEFAULT 'y'
) ENGINE=InnoDB DEFAULT CHARSET=utf8mb4 COLLATE=utf8mb4_general_ci;

--
-- Dumping data for table `t_rel_subject`
--

INSERT INTO `t_rel_subject` (`t_rel_subject_id`, `t_mst_client_id`, `code`, `name`, `display_name`, `subject_type`, `is_active`) VALUES
(2, 1, 'ENG I', 'English Language', 'English Language', 'Language', 'y'),
(3, 1, 'ENG II', 'English Literature', 'English Literature', 'Literature', 'y'),
(4, 1, 'CL BENG', 'CL Bengali', 'Bengali', 'Language', 'y'),
(5, 1, 'SL BENG LANG', 'SL Bengali Language', 'Bengali', 'Language', 'y'),
(6, 1, 'SL BENG LIT', 'SL Bengali Literature', 'Bengali', 'Literature', 'y'),
(7, 1, 'TL BENG', 'TL Bengali', 'Bengali', 'Language', 'y'),
(8, 1, 'SL HIN', 'SL Hindi', 'Hindi', 'Language', 'y'),
(9, 1, 'SL HIN LANG', 'SL Hindi Language', 'Hindi', 'Language', 'y'),
(10, 1, 'SL HIN LIT', 'SL Hindi Literature', 'Hindi', 'Literature', 'y'),
(11, 1, 'TL HIN', 'TL Hindi', 'Hindi', 'Language', 'y'),
(12, 1, 'SL FRE', 'SL French', 'French', 'Language', 'y'),
(13, 1, 'SL FRE LANG', 'SL French Language', 'French', 'Language', 'y'),
(14, 1, 'SL FRE LIT', 'SL French Literature', 'French', 'Literature', 'y'),
(15, 1, 'TL FRE', 'TL French', 'French', 'Language', 'y'),
(16, 1, 'G-III CTA', 'G-III Computer Applications', 'Computer Applications', 'Non-Language', 'y'),
(17, 1, 'PHYS', 'Physics', 'Physics', 'Non-Language', 'y'),
(18, 1, 'CHEM', 'Chemistry', 'Chemistry', 'Non-Language', 'y'),
(19, 1, 'MTM', 'Mathematics', 'Mathematics', 'Non-Language', 'y'),
(20, 1, 'BIO', 'Biology', 'Biology', 'Non-Language', 'y'),
(21, 1, 'G-III AI', 'G-III AI & Robotics', 'AI & Robotics', 'Non-Language', 'y'),
(24, 1, 'HISCI', 'History & Civics', 'History & Civics', 'Non-Language', 'y'),
(25, 1, 'GEO', 'Geography', 'Geography', 'Non-Language', 'y'),
(26, 1, 'IX-X ECO', 'IX-X Economics', 'Economics', 'Non-Language', 'y'),
(27, 1, 'EVS', 'Environmental Science', 'Environmental Science', 'Non-Language', 'y'),
(28, 1, 'IX-X CST', 'IX-X Commercial Studies', 'Commercial Studies', 'Non-Language', 'y'),
(29, 1, 'G-III HMT', 'G-III Hospitality Management', 'Hospitality Management', 'Non-Language', 'y'),
(30, 1, 'G-III PHE', 'G-III Physical Education', 'Physical Education', 'Non-Language', 'y'),
(31, 1, 'HXI-XII PSC', 'Hum XI-XII Political Science', 'Political Science', 'Non-Language', 'y'),
(34, 1, 'SST', 'Social Studies', 'Social Studies', 'Non-Language', 'y'),
(36, 1, 'HXI-XII LST', 'XI-XII Legal Studies', 'Legal Studies', 'Non-Language', 'y'),
(38, 1, 'G-III ARTI', 'G-III Art I', 'Art I', 'Non-Language', 'y'),
(39, 1, 'G-III ARTII', 'G-III Art II', 'Art II', 'Non-Language', 'y'),
(40, 1, 'G-III ARTP', 'G-III Art Project', 'Art Project', 'Non-Language', 'y'),
(41, 1, 'G-III ENA', 'G-III Environmental Applications', 'Environmental Applications', 'Non-Language', 'y'),
(42, 1, 'CL SAN', 'CL Sanskrit', 'Sanskrit', 'Non-Language', 'y'),
(43, 1, 'HXI-XII PSY', 'Hum XI-XII Psychology', 'Psychology', 'Non-Language', 'y'),
(44, 1, 'HXI-XII SOC', 'Hum XI-XII Sociology', 'Sociology', 'Non-Language', 'y'),
(52, 1, 'TL SAN', 'TL Sanskrit', 'Sanskrit', 'Non-Language', 'y'),
(57, 1, 'G-III FREN', 'G-III French', 'French', 'Non-Language', 'y'),
(58, 1, 'SL BENG', 'SL Bengali', 'Bengali', 'Non-Language', 'y'),
(59, 1, 'IX-X PHYS', 'IX-X Physics', 'Physics', 'Non-Language', 'y'),
(60, 1, 'IX-X CHEM', 'IX-X Chemistry', 'Chemistry', 'Non-Language', 'y'),
(61, 1, 'IX-X MTM', 'IX-X Mathematics', 'Mathematics', 'Non-Language', 'y'),
(62, 1, 'IX-X BIO', 'IX-X Biology', 'Biology', 'Non-Language', 'y'),
(63, 1, 'IX-X HIST', 'IX-X History', 'History', 'Non-Language', 'y'),
(64, 1, 'IX-X GEO', 'IX-X Geography', 'Geography', 'Non-Language', 'y'),
(65, 1, 'IX-X EVS', 'IX-X Environmental Science', 'Environmental Science', 'Non-Language', 'y'),
(66, 1, 'SXI-XII PHYS', 'Sci XI-XII Physics', 'Physics', 'Non-Language', 'y'),
(67, 1, 'SXI-XII CHEM', 'Sci XI-XII Chemistry', 'Chemistry', 'Non-Language', 'y'),
(68, 1, 'SXI-XII MTM', 'Sci XI-XII Mathematics', 'Mathematics', 'Non-Language', 'y'),
(69, 1, 'SXI-XII BIO', 'Sci XI-XII Biology', 'Biology', 'Non-Language', 'y'),
(71, 1, 'SXI-XII ARTI', 'XI-XII Art I', 'Art I', 'Non-Language', 'y'),
(72, 1, 'SXI-XII ARTII', 'XI-XII Art II', 'Art II', 'Non-Language', 'y'),
(73, 1, 'SXI-XII ARTVI', 'XI-XII Art VI', 'Art VI', 'Non-Language', 'y'),
(74, 1, 'SXI-XII ECO', 'XI-XII Economics', 'Economics', 'Non-Language', 'y'),
(75, 1, 'SXI-XII CTS', 'Sci XI-XII Computer Science', 'Computer Science', 'Non-Language', 'y'),
(79, 1, 'HXI-XII HMT', 'XI-XII Hospitality Management', 'Hospitality Management', 'Non-Language', 'y'),
(82, 1, 'HXI-XII MTM', 'Non Sci XI-XII Mathematics', 'Mathematics', 'Non-Language', 'y'),
(94, 1, 'CXI-XII ACC', 'Com XI-XII Accounts', 'Accounts', 'Non-Language', 'y'),
(95, 1, 'CXI-XII COM', 'Com XI-XII Commerce', 'Commerce', 'Non-Language', 'y'),
(96, 1, 'HXI-XII HIST', 'Hum XI-XII History', 'History', 'Non-Language', 'y'),
(98, 1, 'HXI-XII GEO', 'Hum XI-XII Geography', 'Geography', 'Non-Language', 'y');

-- --------------------------------------------------------

--
-- Table structure for table `t_rel_subject_type`
--

CREATE TABLE `t_rel_subject_type` (
  `t_rel_subject_type_id` int(11) NOT NULL,
  `t_mst_client_id` int(11) NOT NULL,
  `code` varchar(30) NOT NULL,
  `name` varchar(100) NOT NULL,
  `is_active` enum('y','n') NOT NULL DEFAULT 'y'
) ENGINE=InnoDB DEFAULT CHARSET=utf8mb4 COLLATE=utf8mb4_general_ci;

--
-- Dumping data for table `t_rel_subject_type`
--

INSERT INTO `t_rel_subject_type` (`t_rel_subject_type_id`, `t_mst_client_id`, `code`, `name`, `is_active`) VALUES
(1, 1, 'FL', 'First Language', 'y'),
(2, 1, 'SL', 'Second Language', 'y'),
(3, 1, 'TL', 'Third Language', 'y'),
(4, 1, 'CS', 'Core Subject', 'y'),
(5, 1, 'EL', 'Elective', 'y'),
(6, 1, 'OP', 'Optional', 'y'),
(7, 1, 'CMP', 'Compulsory', 'y'),
(8, 1, 'GRPII', 'Group II', 'y'),
(9, 1, 'GRPIII', 'Group III', 'y'),
(10, 1, 'CCA', 'CCA', 'y'),
(11, 1, 'CSA', 'CSA', 'y'),
(12, 1, 'PSD', 'PSD', 'y'),
(13, 1, 'CCAPF', 'CCAPF', 'y');

-- --------------------------------------------------------

--
-- Table structure for table `t_rel_syllabus`
--

CREATE TABLE `t_rel_syllabus` (
  `t_rel_syllabus_id` int(11) NOT NULL,
  `t_mst_client_id` int(11) NOT NULL,
  `t_mst_academic_year_id` int(11) NOT NULL,
  `t_rel_class_id` int(11) NOT NULL,
  `t_rel_subject_id` int(11) NOT NULL,
  `t_rel_exam_term_id` int(11) NOT NULL,
  `syllabus` varchar(255) DEFAULT NULL,
  `created_by` int(11) NOT NULL,
  `created_at` timestamp NOT NULL DEFAULT current_timestamp(),
  `updated_by` int(11) DEFAULT NULL,
  `updated_at` timestamp NULL DEFAULT NULL ON UPDATE current_timestamp()
) ENGINE=InnoDB DEFAULT CHARSET=utf8mb4 COLLATE=utf8mb4_general_ci;

--
-- Dumping data for table `t_rel_syllabus`
--

INSERT INTO `t_rel_syllabus` (`t_rel_syllabus_id`, `t_mst_client_id`, `t_mst_academic_year_id`, `t_rel_class_id`, `t_rel_subject_id`, `t_rel_exam_term_id`, `syllabus`, `created_by`, `created_at`, `updated_by`, `updated_at`) VALUES
(1, 1, 1, 6, 2, 1, 'First Lession', 2, '2020-04-20 04:36:45', 2, '2023-03-15 10:50:03'),
(20, 1, 1, 1, 2, 2, 'English Topic-1', 2, '2020-04-29 04:08:31', 2, '2023-03-15 10:50:03'),
(24, 1, 1, 1, 1, 2, 'SYLLABUS_644a017350b42.pdf', 2, '2020-04-29 04:08:31', 2, '2023-04-26 23:30:35'),
(26, 1, 1, 1, 1, 3, 'Bengali Topic-4', 2, '2020-04-29 04:08:31', 2, '2023-03-15 10:50:03'),
(29, 1, 1, 2, 4, 9, 'SYLLABUS_641c3b72219e5.pdf', 2, '2020-04-29 04:08:31', 2, '2023-03-23 06:13:46'),
(30, 1, 1, 1, 6, 3, 'Confidence Topic-4', 2, '2020-04-29 04:08:31', 2, '2023-03-15 10:50:03'),
(32, 1, 1, 6, 2, 4, 'Second Lession', 2, '2020-04-29 05:07:56', NULL, '2023-03-15 10:50:03'),
(33, 1, 1, 6, 2, 4, 'Third Lession', 2, '2020-04-29 05:07:56', NULL, '2023-03-15 10:50:03'),
(34, 1, 1, 7, 12, 6, 'SYLLABUS_641a88da7c62f.pdf', 2, '2020-04-29 09:15:06', NULL, '2023-03-21 23:19:30'),
(35, 1, 1, 7, 12, 6, 'SYLLABUS_641a88da7c62f.pdf', 2, '2020-04-29 09:15:06', NULL, '2023-03-21 23:19:30'),
(36, 1, 1, 7, 12, 6, 'SYLLABUS_641a88da7c62f.pdf', 2, '2020-04-29 09:15:06', NULL, '2023-03-21 23:19:30'),
(37, 1, 1, 7, 12, 6, 'SYLLABUS_641a88da7c62f.pdf', 2, '2020-04-29 09:15:06', NULL, '2023-03-21 23:19:30'),
(38, 1, 1, 7, 12, 6, 'SYLLABUS_641a88da7c62f.pdf', 2, '2020-04-29 09:15:06', NULL, '2023-03-21 23:19:30'),
(39, 1, 1, 7, 12, 6, 'SYLLABUS_641a88da7c62f.pdf', 2, '2020-04-29 09:15:06', NULL, '2023-03-21 23:19:30'),
(40, 1, 1, 7, 12, 6, 'SYLLABUS_641a88da7c62f.pdf', 2, '2020-04-29 09:15:06', NULL, '2023-03-21 23:19:30'),
(41, 1, 1, 7, 12, 6, 'SYLLABUS_641a88da7c62f.pdf', 2, '2020-04-29 09:15:06', NULL, '2023-03-21 23:19:30'),
(44, 1, 1, 2, 1, 9, '', 2, '2020-05-06 03:05:58', 2, '2023-03-22 02:16:18'),
(45, 1, 1, 2, 1, 9, '', 2, '2020-05-06 03:05:58', 2, '2023-03-22 02:16:18'),
(46, 1, 1, 7, 12, 7, 'SYLLABUS_641be3982709e.pdf', 2, '2020-05-08 09:03:46', 2, '2023-03-22 23:58:57'),
(47, 1, 1, 1, 14, 3, 'Personality Topic-4', 2, '2020-05-08 09:03:46', 2, '2023-03-15 10:50:03'),
(49, 1, 1, 1, 16, 3, 'SYLLABUS_641b448648ff9.pdf', 2, '2020-05-11 23:37:29', 2, '2023-03-22 12:40:15'),
(50, 1, 1, 1, 2, 3, 'English Topic-7', 2, '2020-05-11 23:37:29', 2, '2023-03-15 10:50:03'),
(51, 1, 1, 1, 2, 3, 'English Topic-8', 2, '2020-05-11 23:37:29', 2, '2023-03-15 10:50:03'),
(52, 1, 1, 1, 2, 11, 'English Topic-3', 2, '2020-05-11 23:37:29', 2, '2023-03-15 10:50:03'),
(53, 1, 1, 1, 2, 11, 'English Topic-4', 2, '2020-05-11 23:37:29', 2, '2023-03-15 10:50:03'),
(54, 1, 1, 1, 2, 12, 'English Topic-5', 2, '2020-05-11 23:37:29', 2, '2023-03-15 10:50:03'),
(55, 1, 1, 1, 2, 12, 'English Topic-6', 2, '2020-05-11 23:37:29', 2, '2023-03-15 10:50:03'),
(56, 1, 1, 1, 1, 11, 'Bengali Topic-2', 2, '2020-05-11 23:42:52', NULL, '2023-03-15 10:50:03'),
(57, 1, 1, 1, 1, 12, 'Bengali Topic-3', 2, '2020-05-11 23:42:52', NULL, '2023-03-15 10:50:03'),
(58, 1, 1, 1, 6, 11, 'Confidence Topic-2', 2, '2020-05-11 23:42:52', NULL, '2023-03-15 10:50:03'),
(59, 1, 1, 1, 6, 12, 'Confidence Topic-3', 2, '2020-05-11 23:42:52', NULL, '2023-03-15 10:50:03'),
(60, 1, 1, 1, 14, 11, 'Personality Topic-2', 2, '2020-05-11 23:42:52', NULL, '2023-03-15 10:50:03'),
(61, 1, 1, 1, 14, 12, 'Personality Topic-3', 2, '2020-05-11 23:42:52', NULL, '2023-03-15 10:50:03'),
(62, 1, 1, 1, 16, 3, 'SYLLABUS_641ae17821669.pdf', 2, '2020-05-11 23:42:52', 2, '2023-03-22 05:37:37'),
(63, 1, 1, 1, 7, 3, 'Work Education Topic-4', 2, '2020-05-11 23:42:52', NULL, '2023-03-15 10:50:03'),
(64, 1, 1, 1, 7, 11, 'Work Education Topic-2', 2, '2020-05-11 23:42:52', NULL, '2023-03-15 10:50:03'),
(65, 1, 1, 1, 7, 12, 'Work Education Topic-3', 2, '2020-05-11 23:42:52', NULL, '2023-03-15 10:50:03'),
(66, 1, 1, 2, 4, 9, 'SYLLABUS_641be2e0e996e.pdf', 2, '2020-05-11 23:42:52', 2, '2023-03-22 23:55:54'),
(67, 1, 1, 1, 4, 3, 'SYLLABUS_641ac10bb5df3.pdf', 2, '2020-05-11 23:42:52', 2, '2023-03-22 03:19:17'),
(68, 1, 1, 1, 4, 11, 'Creativity Topic-2', 2, '2020-05-11 23:42:52', NULL, '2023-03-15 10:50:03'),
(69, 1, 1, 1, 4, 12, 'Creativity Topic-3', 2, '2020-05-11 23:42:52', NULL, '2023-03-15 10:50:03'),
(100, 1, 1, 8, 13, 15, 'SYLLABUS_64199ce662b6b.pdf', 2, '2020-05-13 23:22:28', 2, '2023-03-21 06:32:47'),
(102, 1, 1, 7, 12, 6, 'SYLLABUS_641a88da7c62f.pdf', 2, '2023-03-21 23:19:30', NULL, NULL),
(103, 1, 1, 2, 1, 9, 'SYLLABUS_641b3d47cf171.pdf', 2, '2023-03-21 23:22:32', 2, '2023-03-22 12:09:21'),
(106, 1, 1, 7, 19, 6, 'SYLLABUS_641bd477b78c8.pdf', 2, '2023-03-22 22:54:25', NULL, NULL),
(107, 1, 1, 11, 15, 18, 'SYLLABUS_641bd58d6541e.pdf', 2, '2023-03-22 22:56:30', 2, '2023-03-22 22:59:02'),
(108, 1, 1, 8, 14, 16, 'SYLLABUS_641bdcbb2644f.pdf', 2, '2023-03-22 23:29:40', NULL, NULL),
(109, 1, 1, 2, 10, 9, 'SYLLABUS_641bef4836237.pdf', 2, '2023-03-23 00:45:25', 2, '2023-03-23 00:48:48'),
(110, 1, 1, 7, 18, 6, 'SYLLABUS_641d1ee113d5c.pdf', 2, '2023-03-23 22:24:10', NULL, NULL);

-- --------------------------------------------------------

--
-- Table structure for table `t_rel_teacher`
--

CREATE TABLE `t_rel_teacher` (
  `t_rel_teacher_id` int(11) NOT NULL,
  `t_mst_client_id` int(11) NOT NULL,
  `t_mst_user_id` int(11) NOT NULL,
  `faculty_type_id` tinyint(4) NOT NULL,
  `code` varchar(20) DEFAULT NULL,
  `name` varchar(50) DEFAULT NULL,
  `qualification` varchar(255) DEFAULT NULL,
  `gender` enum('m','f','t') DEFAULT NULL,
  `t_mst_blood_gr_id` int(11) DEFAULT NULL,
  `address1` varchar(255) DEFAULT NULL,
  `address2` varchar(255) DEFAULT NULL,
  `mobile` varchar(50) DEFAULT NULL,
  `email` varchar(100) DEFAULT NULL,
  `photo` varchar(100) DEFAULT NULL,
  `signature` varchar(100) DEFAULT NULL,
  `pincode` varchar(30) DEFAULT NULL,
  `primary_subject_id` int(11) DEFAULT NULL,
  `primary_stream_id` int(11) DEFAULT NULL,
  `t_mst_religion_id` int(11) DEFAULT NULL,
  `city` varchar(50) DEFAULT NULL,
  `t_mst_country_id` int(11) DEFAULT NULL,
  `t_mst_state_id` int(11) DEFAULT NULL,
  `date_of_birth` date DEFAULT NULL,
  `marital_status` enum('s','m','d','w') DEFAULT NULL COMMENT 's=Single, m=Married, d=Divorce, w=Widow',
  `date_of_joining` date DEFAULT NULL,
  `date_of_resignation` date DEFAULT NULL,
  `status` enum('active','inactive','blocked') NOT NULL DEFAULT 'active'
) ENGINE=InnoDB DEFAULT CHARSET=utf8mb4 COLLATE=utf8mb4_general_ci;

--
-- Dumping data for table `t_rel_teacher`
--

INSERT INTO `t_rel_teacher` (`t_rel_teacher_id`, `t_mst_client_id`, `t_mst_user_id`, `faculty_type_id`, `code`, `name`, `qualification`, `gender`, `t_mst_blood_gr_id`, `address1`, `address2`, `mobile`, `email`, `photo`, `signature`, `pincode`, `primary_subject_id`, `primary_stream_id`, `t_mst_religion_id`, `city`, `t_mst_country_id`, `t_mst_state_id`, `date_of_birth`, `marital_status`, `date_of_joining`, `date_of_resignation`, `status`) VALUES
(103, 1, 101, 1, 'FAC001', 'Ramesh Kumar', 'M.Sc Mathematics', 'm', 2, '123 Main Street', 'Near XYZ School', '+91 9876543210', 'ramesh.kumar@example.com', 'photo_ramesh.jpg', 'signature_ramesh.jpg', '500001', 3, 1, 1, 'Hyderabad', 1, 2, '1980-05-15', 'm', '2005-08-10', NULL, 'active'),
(104, 1, 102, 2, 'FAC002', 'Sita Devi', 'B.Ed', 'f', 1, '456 Park Avenue', 'Beside ABC College', '+91 8765432109', 'sita.devi@example.com', 'photo_sita.jpg', 'signature_sita.jpg', '500002', 4, 2, 2, 'Mumbai', 1, 3, '1985-12-20', 'm', '2010-03-25', NULL, 'active'),
(105, 1, 103, 1, 'FAC003', 'Anil Singh', 'Ph.D Physics', 'm', 3, '789 Elm Street', 'Opposite PQR University', '+91 7654321098', 'anil.singh@example.com', 'photo_anil.jpg', 'signature_anil.jpg', '500003', 1, 1, 3, 'Delhi', 1, 1, '1976-09-08', 'm', '2000-07-05', NULL, 'active'),
(106, 2, 104, 2, 'FAC004', 'Radha Patel', 'M.A English', 'f', 2, '101 River Road', 'Near LMN School', '+91 9876543211', 'radha.patel@example.com', 'photo_radha.jpg', 'signature_radha.jpg', '500004', 2, 2, 2, 'Kolkata', 1, 4, '1990-02-28', 's', '2015-09-12', NULL, 'active'),
(107, 2, 105, 1, 'FAC005', 'Rajesh Sharma', 'B.Tech Computer Science', 'm', 1, '321 Lake Street', 'Behind OPQ College', '+91 8765432110', 'rajesh.sharma@example.com', 'photo_rajesh.jpg', 'signature_rajesh.jpg', '500005', 5, 1, 1, 'Bangalore', 1, 5, '1988-07-10', 's', '2012-11-30', NULL, 'active');

--
-- Indexes for dumped tables
--

--
-- Indexes for table `t_mst_academic_years`
--
ALTER TABLE `t_mst_academic_years`
  ADD PRIMARY KEY (`t_mst_academic_year_id`);

--
-- Indexes for table `t_mst_house`
--
ALTER TABLE `t_mst_house`
  ADD PRIMARY KEY (`t_mst_house_id`);

--
-- Indexes for table `t_rel_academic_category_first`
--
ALTER TABLE `t_rel_academic_category_first`
  ADD PRIMARY KEY (`t_rel_academic_category_first_id`);

--
-- Indexes for table `t_rel_academic_category_second`
--
ALTER TABLE `t_rel_academic_category_second`
  ADD PRIMARY KEY (`t_rel_academic_category_second_id`);

--
-- Indexes for table `t_rel_academic_details`
--
ALTER TABLE `t_rel_academic_details`
  ADD PRIMARY KEY (`t_rel_academic_details_id`);

--
-- Indexes for table `t_rel_cca_class_tagging`
--
ALTER TABLE `t_rel_cca_class_tagging`
  ADD PRIMARY KEY (`t_rel_cca_class_tagging_id`);

--
-- Indexes for table `t_rel_cca_indicator`
--
ALTER TABLE `t_rel_cca_indicator`
  ADD PRIMARY KEY (`t_rel_cca_indicator_id`);

--
-- Indexes for table `t_rel_cca_master`
--
ALTER TABLE `t_rel_cca_master`
  ADD PRIMARY KEY (`t_rel_cca_master_id`);

--
-- Indexes for table `t_rel_class`
--
ALTER TABLE `t_rel_class`
  ADD PRIMARY KEY (`t_rel_class_id`) USING BTREE;

--
-- Indexes for table `t_rel_class_section`
--
ALTER TABLE `t_rel_class_section`
  ADD PRIMARY KEY (`t_rel_class_section_id`);

--
-- Indexes for table `t_rel_class_section_subject_teacher_tagging`
--
ALTER TABLE `t_rel_class_section_subject_teacher_tagging`
  ADD PRIMARY KEY (`t_rel_class_section_subject_teacher_tagging_id`),
  ADD UNIQUE KEY `client_ay_class_sec_sub_teacher_id` (`t_mst_client_id`,`t_rel_class_id`,`t_rel_section_id`,`t_rel_subject_id`,`t_rel_teacher_id`) USING BTREE;

--
-- Indexes for table `t_rel_class_subject`
--
ALTER TABLE `t_rel_class_subject`
  ADD PRIMARY KEY (`t_rel_class_subject_id`) USING BTREE;

--
-- Indexes for table `t_rel_csa_class_tagging`
--
ALTER TABLE `t_rel_csa_class_tagging`
  ADD PRIMARY KEY (`t_rel_csa_class_tagging_id`);

--
-- Indexes for table `t_rel_csa_indicator`
--
ALTER TABLE `t_rel_csa_indicator`
  ADD PRIMARY KEY (`t_rel_csa_indicator_id`);

--
-- Indexes for table `t_rel_csa_master`
--
ALTER TABLE `t_rel_csa_master`
  ADD PRIMARY KEY (`t_rel_csa_master_id`);

--
-- Indexes for table `t_rel_exam_category`
--
ALTER TABLE `t_rel_exam_category`
  ADD PRIMARY KEY (`t_rel_exam_category_id`);

--
-- Indexes for table `t_rel_personal_attributes_class_tagging`
--
ALTER TABLE `t_rel_personal_attributes_class_tagging`
  ADD PRIMARY KEY (`t_rel_personal_attributes_class_tagging_id`);

--
-- Indexes for table `t_rel_personal_attributes_indicator`
--
ALTER TABLE `t_rel_personal_attributes_indicator`
  ADD PRIMARY KEY (`t_rel_personal_attributes_indicator_id`);

--
-- Indexes for table `t_rel_personal_attributes_master`
--
ALTER TABLE `t_rel_personal_attributes_master`
  ADD PRIMARY KEY (`t_rel_personal_attributes_master_id`);

--
-- Indexes for table `t_rel_section`
--
ALTER TABLE `t_rel_section`
  ADD PRIMARY KEY (`t_rel_section_id`);

--
-- Indexes for table `t_rel_streams`
--
ALTER TABLE `t_rel_streams`
  ADD PRIMARY KEY (`t_rel_stream_id`);

--
-- Indexes for table `t_rel_subject`
--
ALTER TABLE `t_rel_subject`
  ADD PRIMARY KEY (`t_rel_subject_id`);

--
-- Indexes for table `t_rel_subject_type`
--
ALTER TABLE `t_rel_subject_type`
  ADD PRIMARY KEY (`t_rel_subject_type_id`);

--
-- Indexes for table `t_rel_syllabus`
--
ALTER TABLE `t_rel_syllabus`
  ADD PRIMARY KEY (`t_rel_syllabus_id`);

--
-- Indexes for table `t_rel_teacher`
--
ALTER TABLE `t_rel_teacher`
  ADD PRIMARY KEY (`t_rel_teacher_id`);

--
-- AUTO_INCREMENT for dumped tables
--

--
-- AUTO_INCREMENT for table `t_mst_academic_years`
--
ALTER TABLE `t_mst_academic_years`
  MODIFY `t_mst_academic_year_id` int(20) UNSIGNED NOT NULL AUTO_INCREMENT, AUTO_INCREMENT=4;

--
-- AUTO_INCREMENT for table `t_mst_house`
--
ALTER TABLE `t_mst_house`
  MODIFY `t_mst_house_id` int(11) NOT NULL AUTO_INCREMENT, AUTO_INCREMENT=5;

--
-- AUTO_INCREMENT for table `t_rel_academic_category_first`
--
ALTER TABLE `t_rel_academic_category_first`
  MODIFY `t_rel_academic_category_first_id` int(11) NOT NULL AUTO_INCREMENT, AUTO_INCREMENT=41;

--
-- AUTO_INCREMENT for table `t_rel_academic_category_second`
--
ALTER TABLE `t_rel_academic_category_second`
  MODIFY `t_rel_academic_category_second_id` int(11) NOT NULL AUTO_INCREMENT, AUTO_INCREMENT=65;

--
-- AUTO_INCREMENT for table `t_rel_academic_details`
--
ALTER TABLE `t_rel_academic_details`
  MODIFY `t_rel_academic_details_id` int(11) NOT NULL AUTO_INCREMENT, AUTO_INCREMENT=2416;

--
-- AUTO_INCREMENT for table `t_rel_cca_class_tagging`
--
ALTER TABLE `t_rel_cca_class_tagging`
  MODIFY `t_rel_cca_class_tagging_id` int(11) NOT NULL AUTO_INCREMENT, AUTO_INCREMENT=46;

--
-- AUTO_INCREMENT for table `t_rel_cca_indicator`
--
ALTER TABLE `t_rel_cca_indicator`
  MODIFY `t_rel_cca_indicator_id` int(11) NOT NULL AUTO_INCREMENT, AUTO_INCREMENT=33;

--
-- AUTO_INCREMENT for table `t_rel_cca_master`
--
ALTER TABLE `t_rel_cca_master`
  MODIFY `t_rel_cca_master_id` int(11) NOT NULL AUTO_INCREMENT, AUTO_INCREMENT=7;

--
-- AUTO_INCREMENT for table `t_rel_class`
--
ALTER TABLE `t_rel_class`
  MODIFY `t_rel_class_id` int(11) NOT NULL AUTO_INCREMENT, AUTO_INCREMENT=13;

--
-- AUTO_INCREMENT for table `t_rel_class_section`
--
ALTER TABLE `t_rel_class_section`
  MODIFY `t_rel_class_section_id` int(11) NOT NULL AUTO_INCREMENT, AUTO_INCREMENT=166;

--
-- AUTO_INCREMENT for table `t_rel_class_section_subject_teacher_tagging`
--
ALTER TABLE `t_rel_class_section_subject_teacher_tagging`
  MODIFY `t_rel_class_section_subject_teacher_tagging_id` bigint(20) NOT NULL AUTO_INCREMENT, AUTO_INCREMENT=42;

--
-- AUTO_INCREMENT for table `t_rel_class_subject`
--
ALTER TABLE `t_rel_class_subject`
  MODIFY `t_rel_class_subject_id` int(11) NOT NULL AUTO_INCREMENT, AUTO_INCREMENT=900;

--
-- AUTO_INCREMENT for table `t_rel_csa_class_tagging`
--
ALTER TABLE `t_rel_csa_class_tagging`
  MODIFY `t_rel_csa_class_tagging_id` int(11) NOT NULL AUTO_INCREMENT, AUTO_INCREMENT=305;

--
-- AUTO_INCREMENT for table `t_rel_csa_indicator`
--
ALTER TABLE `t_rel_csa_indicator`
  MODIFY `t_rel_csa_indicator_id` int(11) NOT NULL AUTO_INCREMENT, AUTO_INCREMENT=198;

--
-- AUTO_INCREMENT for table `t_rel_csa_master`
--
ALTER TABLE `t_rel_csa_master`
  MODIFY `t_rel_csa_master_id` int(11) NOT NULL AUTO_INCREMENT, AUTO_INCREMENT=24;

--
-- AUTO_INCREMENT for table `t_rel_exam_category`
--
ALTER TABLE `t_rel_exam_category`
  MODIFY `t_rel_exam_category_id` int(11) NOT NULL AUTO_INCREMENT, AUTO_INCREMENT=3;

--
-- AUTO_INCREMENT for table `t_rel_personal_attributes_class_tagging`
--
ALTER TABLE `t_rel_personal_attributes_class_tagging`
  MODIFY `t_rel_personal_attributes_class_tagging_id` int(11) NOT NULL AUTO_INCREMENT, AUTO_INCREMENT=275;

--
-- AUTO_INCREMENT for table `t_rel_personal_attributes_indicator`
--
ALTER TABLE `t_rel_personal_attributes_indicator`
  MODIFY `t_rel_personal_attributes_indicator_id` int(11) NOT NULL AUTO_INCREMENT, AUTO_INCREMENT=275;

--
-- AUTO_INCREMENT for table `t_rel_personal_attributes_master`
--
ALTER TABLE `t_rel_personal_attributes_master`
  MODIFY `t_rel_personal_attributes_master_id` int(11) NOT NULL AUTO_INCREMENT, AUTO_INCREMENT=4;

--
-- AUTO_INCREMENT for table `t_rel_section`
--
ALTER TABLE `t_rel_section`
  MODIFY `t_rel_section_id` int(11) NOT NULL AUTO_INCREMENT, AUTO_INCREMENT=5;

--
-- AUTO_INCREMENT for table `t_rel_streams`
--
ALTER TABLE `t_rel_streams`
  MODIFY `t_rel_stream_id` int(10) UNSIGNED NOT NULL AUTO_INCREMENT, AUTO_INCREMENT=9;

--
-- AUTO_INCREMENT for table `t_rel_subject`
--
ALTER TABLE `t_rel_subject`
  MODIFY `t_rel_subject_id` int(11) NOT NULL AUTO_INCREMENT, AUTO_INCREMENT=99;

--
-- AUTO_INCREMENT for table `t_rel_subject_type`
--
ALTER TABLE `t_rel_subject_type`
  MODIFY `t_rel_subject_type_id` int(11) NOT NULL AUTO_INCREMENT, AUTO_INCREMENT=14;

--
-- AUTO_INCREMENT for table `t_rel_syllabus`
--
ALTER TABLE `t_rel_syllabus`
  MODIFY `t_rel_syllabus_id` int(11) NOT NULL AUTO_INCREMENT, AUTO_INCREMENT=111;

--
-- AUTO_INCREMENT for table `t_rel_teacher`
--
ALTER TABLE `t_rel_teacher`
  MODIFY `t_rel_teacher_id` int(11) NOT NULL AUTO_INCREMENT, AUTO_INCREMENT=108;
COMMIT;

/*!40101 SET CHARACTER_SET_CLIENT=@OLD_CHARACTER_SET_CLIENT */;
/*!40101 SET CHARACTER_SET_RESULTS=@OLD_CHARACTER_SET_RESULTS */;
/*!40101 SET COLLATION_CONNECTION=@OLD_COLLATION_CONNECTION */;
